"P00001","P00001.jpg","P1","Vincent van Gogh"
"P00002","P00001.jpg","P1","Théodore van Gogh"
"T00000","T00000.jpg","P1|P2","Jan Werkman|Anje Reker"
"T00001","T00001.jpg","P1|P2","Klaas Swart|Annechien Mulder"
"T00002","T00002.jpg","P2|P1","E. Timmer|Martje Balkema"
"T00003","T00003.jpg","P3|P1|P2","Catharina Boer|Jacoba Catharina van der Meulen|Gerrit de Jager"
"T00004","T00004.jpg","P3|P1|P2","Frouktje Spoelman-Penninga|Tietje Spoelman|Johannes Spoelman"
"T00005","T00005.jpg","P4|P5|P3|P1|P2","Marten Bron|Barbara Westerling|T. Bron-Oosterhuis|Thijssiena Pieta|J. Bron"
"T00006","T00006.jpg","P2|P1","Egbert Hoornveld|Aaltje de Vos"
"T00007","T00007.jpg","P1|P2","Pieter Agema|Leentje Zijlstra"
"T00008","T00008.jpg","P2|P1","Affien Nienhuis|Cornelia Johanna Pieters"
"T00009","T00009.jpg","P1","Helena Folkeringa"
"T00010","T00010.jpg","P1|P2","Gerke Middel|Roelf Middel"
"T00011","T00011.jpg","P2|P1","Geesje Krol|Lammert Leertouwer"
"T00012","T00012.jpg","P1","Hermanus Karel te Hennepe"
"T00013","T00013.jpg","P3|P1|P2","Baltus Smit|Anje Smit|Helena Reitsma"
"T00014","T00014.jpg","P1","Jan Raatjes"
"T00015","T00015.jpg","P2|P1","Johannes Klaver|Maria Buining"
"T00016","T00016.jpg","P2|P1","Helena Teneijs|Hendrikus Jacobus Du Floo"
"T00017","T00017.jpg","P2|P1","Helena Ehlhardt|Douwe de Jong"
"T00018","T00018.jpg","P2|P1","Krieno Huizinga|Trientje Huisman"
"T00019","T00019.jpg","P1|P2","Hilje Hofman|Gerrit Duiker"
"T00020","T00020.jpg","P3|P1|P2","Ida Gezina Steenhuis|Grietje Vonk|Egbert Steenhuis"
"T00021","T00021.jpg","P1","G. Postma"
"T00022","T00022.jpg","P1|P2","Christina Meijer|H. Schaap"
"T00023","T00023.jpg","P3|P1|P4|P2","Hendrika M.G. Kummer|Lambertus M. Strengholt|Eildert M.J. Strengholt|Zwaantje Mulder"
"T00024","T00024.jpg","P1|P2","Anne de Vries|Otto Doornbos"
"T00025","T00025.jpg","P1|P3|P2|P4","Grietje Hakvoort|Eeske Christine|Hendrik Enter|Sophia Lumina"
"T00026","T00026.jpg","P2|P1","Julia Helena Maria Simons|Jacob Nijboer"
"T00027","T00027.jpg","P2|P1","Jantje Scholtens|Johannes de Jong"
"T00028","T00028.jpg","P1|P2","Trientje Bierling|Martinus Albertus Siccama"
"T00029","T00029.jpg","P2|P3|P1","Roelof Heideveld|Johanna Bos|Maria Heideveld"
"T00030","T00030.jpg","P2|P1","Roelof Dolfin|Margrieta van Bergen"
"T00031","T00031.jpg","P2|P1","A. Albronda|Geert Pieters"
"T00032","T00032.jpg","P1","Adolf Eisses"
"T00033","T00033.jpg","P1","Klaas Hut"
"T00034","T00034.jpg","P1|P2","H. Arends|Jan Wolters"
"T00035","T00035.jpg","P1|P2","Allerdina Meijer|Albert Elders"
"T00036","T00036.jpg","P2|P1","Margrieta van Bergen|Roelof Dolfin"
"T00037","T00037.jpg","P1","Tjeert Pieter Bouwman"
"T00038","T00038.jpg","P2|P1","Ettje Bouwman|Elte Harssema"
"T00039","T00039.jpg","P1","Pietertje Eitens"
"T00040","T00040.jpg","P2|P1","Jan Eitens|Harmtje Nijdam"
"T00041","T00041.jpg","P1|P2","Henderkien Mannes|Johannes Reeder"
"T00042","T00042.jpg","P2|P1","H. Mannes|Johannes Reeder"
"T00043","T00043.jpg","P1","Geert de Ruiter"
"T00044","T00044.jpg","P1|P2","Hendrik Kwant|Pietertje Broekema"
"T00045","T00045.jpg","P1","Roelof Luurd Jurriaan Coolman"
"T00046","T00046.jpg","P1|P2","Roelof Drenth|Carolina Andries"
"T00047","T00047.jpg","P1","Pieter Ellens"
"T00048","T00048.jpg","P2|P1|P3","Freerk Bruinsma|IJmkje Wielinga|H.J. Ritzema"
"T00049","T00049.jpg","P1|P2","Geert Jan Fransen|Jantina A. Emmen"
"T00050","T00050.jpg","P1","Johanna M. Richters"
"T00051","T00051.jpg","P2|P1","Geert Mulder|Johanna Nieborg"
"T00052","T00052.jpg","P2|P1","Antje Zijlstra|Geert Bodde Folmer"
"T00053","T00053.jpg","P2|P1","Hendrika Jantiene Mulder|Alle Averes"
"T00054","T00054.jpg","P1|P2","Annechien Bazuin|Gerrit Bazuin"
"T00055","T00055.jpg","P1","Gerardus"
"T00056","T00056.jpg","P3|P5|P4|P1|P2","Gerardus Averes|H.J. Averes-Mulder|A. Averes|Lammechiena van der Veen|Geert Mulder"
"T00057","T00057.jpg","P1|P2","Anntje Nieken|Petrus Bos"
"T00058","T00058.jpg","P1|P2","Douwe Nauta|Tjaaktje Nauta-Wilpstra"
"T00059","T00059.jpg","P1|P2","Meint Zuidersma|Annie Aafke Zuidersma-Stulp"
"T00060","T00060.jpg","P3|P2|P1","C.J. den Heeten|Pieter Dijkstra|Grietje Nicolai"
"T00061","T00061.jpg","P1|P2","Egbert van Dalen|Gerridina Geerlings"
"T00062","T00062.jpg","P2|P1","Agathe Knoop|Sipco Johan de Groot"
"T00063","T00063.jpg","P2|P1","A. Smit-Keimpema|Daniel Jacob Smit"
"T00064","T00064.jpg","P1|P2","Aaltje Tolner|Jan Mekkering"
"T00065","T00065.jpg","P1|P2","Harm Lambeck|Wilhelmine Johanna Schreck"
"T00066","T00066.jpg","P2|P1","Ali Rozeboom|Berend Jan Kranenburg"
"T00067","T00067.jpg","P1|P2|P3","Hinderika Kalk|E. Koster|K. Ratsema"
"T00068","T00068.jpg","P2|P1|P3|P4|P5","Cornelia M. de Jong|Jantina|Jan Mulder|Cornelis|Pieter"
"T00069","T00069.jpg","P1|P2|P3","Auke Kornelia Veenhuis|T. de Boer|J. Knapper"
"T00070","T00070.jpg","P2|P4|P3|P1","Jan Korenhof|H. Stuivenberg|Jantje Hendriks|Annechien Jacoba Reinman"
"T00071","T00071.jpg","P2|P1","Adolf Kuiper|Catharina Kramer"
"T00072","T00072.jpg","P2|P1","Trijntje Leutscher|Pieter Geurts"
"T00073","T00073.jpg","P1|P2","John Sipkema|Abeldine Fogertij"
"T00074","T00074.jpg","P2|P1","Lorenz Wilhelm Fischer|Maria Elisabeth Hillebrand"
"T00075","T00075.jpg","P2|P1","K. Schenkel|H. Mast"
"T00076","T00076.jpg","P1","Herma Schaaphok"
"T00077","T00077.jpg","P3|P1|P4|P2|P5","Jettie van Veen|Rie van Veen|Barth|Leo Smit|Riekje"
"T00078","T00078.jpg","P1|P2","Anna Maria E. Robbe|Frederik J. van Voorn"
"T00079","T00079.jpg","P1|P2","Frederikus Gerhardus Antonius Wortelboer|Leny Fellinger"
"T00080","T00080.jpg","P1|P2","Johan Bapties Andreas Stäbler|Grietje Drenth"
"T00081","T00081.jpg","P2|P1","Geertruida M.M. Scholte|George W. Padberg"
"T00082","T00082.jpg","P2|P1","Henderika G. van Goozen|Ludwig Goeken"
"T00083","T00083.jpg","P2|P1","Geertruida Veronica Schneiders-Blaauw|Wilhelmus Franciscus Bernardus Schneiders"
"T00084","T00084.jpg","P1|P3|P2","Jan Korsman|F.P. Vriese|Johanna S.M. Fischer"
"T00085","T00085.jpg","P1|P2","Gerhardus Hunderman|Trijntje Huygens"
"T00086","T00086.jpg","P2|P1","Johannes Harmannus Schroote|Margaretha Michaelina van der Werff"
"T00087","T00087.jpg","P2|P1","Maria Dekker|P.H.E. van Dooren"
"T00088","T00088.jpg","P2|P1","Pieter Breedland|Geertje Groenewold"
"T00089","T00089.jpg","P1|P2","Maria Wijtzia Alting|H. Geertsema"
"T00090","T00090.jpg","P1|P2","Gerhardus Johannes Roeszing|Elsien Brugge"
"T00091","T00091.jpg","P1|P2","Wilhelmina H.P.M. Mast|Adrianus N. Witloks"
"T00092","T00092.jpg","P2|P1","Joanna M. Boelens|Heinrich Jansen"
"T00093","T00093.jpg","P1|P2","Fredericus H. Halsema|Wilhelmina J. Frankena"
"T00094","T00094.jpg","P2|P3|P1","Klaas Triezenberg|Hillechien Triezenberg|Martje Triezenberg-Angerman"
"T00095","T00095.jpg","P2|P3|P1|P4","Anje Oostinga|Martha van Weering|Izebrand van Weering|Janny van Weering"
"T00096","T00096.jpg","P1|P2","Jakob Karsten|Hanna Alkema"
"T00097","T00097.jpg","P1|P2","Henerika Jakoba Iwema|Heijo ten Have"
"T00098","T00098.jpg","P1|P2","B.A. Poulie|H.H.J. Ruijs"
"T00099","T00099.jpg","P1|P2","Gerbrand Wouters|Alida Dijk"
"T00100","T00100.jpg","P2|P1","Henriëtte Pauline Gockinga|Johan Adriaan Feith"
"T00101","T00101.jpg","P1","Cornelis van der Valk"
"T00102","T00102.jpg","P1","Margaretha Jantina Buttinger"
"T00103","T00103.jpg","P1|P2","Elizabeth Coolman|A. van Dam"
"T00104","T00104.jpg","P1|P2","Jan Pomper|Alberdina Veenema"
"T00105","T00105.jpg","P2|P1|P3","A.C. Wiardi|H.J. Nieuwenhuis|H. Nieuwenhuis"
"T00106","T00106.jpg","P3|P2|P1","Klaas Mulder|Gebbina Katharina Thijssen|T.F. Thijssen"
"T00107","T00107.jpg","P1|P2","Siebolt Focko Fockens|Zwaantine Talline Fockens"
"T00108","T00108.jpg","P1|P2","Fenna Mulder|Harm Makken"
"T00109","T00109.jpg","P1|P3|P4|P2","Maria Suzanna Lergner|Willem de Nijs|Hermina Weiland|D. de Nijs"
"T00110","T00110.jpg","P4|P1","Henderika Vrieling|Egbert Bakker"
"T00111","T00111.jpg","P1","Berend Nijdam"
"T00112","T00112.jpg","P1|P3|P2","Jacob Nienhuis|Jantina Jacoba Boomgaardt|Grietje Jantina Boomgaardt"
"T00113","T00113.jpg","P2|P1","Fokko Elema|Grietje Marringa"
"T00114","T00114.jpg","P1","Aaltje Oosterveld"
"T00115","T00115.jpg","P1|P2","Cornelia Maria Wels|Pieter Egarius Arent"
"T00116","T00116.jpg","P2|P1","Alida Pott|Albert Santing"
"T00117","T00117.jpg","P2|P1","Eelje Lubbers|Jan Wasscher"
"T00118","T00118.jpg","P2|P1","Lammechien Koekoek|Borgert Vrieling"
"T00119","T00119.jpg","P2|P1","Eelkje Postma|Hendrik Boddeveld"
"T00120","T00120.jpg","P1|P2","Willem Bolt|Roelina Eikelboom"
"T00121","T00121.jpg","P2|P1","Johanna van Gijssel|Imeginus A. Vos"
"T00122","T00122.jpg","P1|P2","Jan Hommes|Anna Buivenga"
"T00123","T00123.jpg","P1|P2","Renger de Vries|Aaltje Heikema"
"T00124","T00124.jpg","P2|P1","Catharina Jager|Derk Wind"
"T00125","T00125.jpg","P1|P2","Jantje Lenting|Rienko Timmer"
"T00126","T00126.jpg","P3|P1|P2","Henderika Bruins|Rensina Catharina Schuitema|G. Schuitema"
"T00127","T00127.jpg","P1|P2","Pieter Reints|Jurrendina Moesker"
"T00128","T00128.jpg","P2|P1","Siepke ten Hoor|Heine Heininga"
"T00129","T00129.jpg","P1|P2","Edde Drewes|Christine Willemina Fellinga"
"T00130","T00130.jpg","P1|P2","Wesselina Drenth|IJ. Buttinger"
"T00131","T00131.jpg","P1|P2","IJsebrand Buttinger|Wesselina Drenth"
"T00132","T00132.jpg","P3|P2|P1","D. Hoeksema|Geertruida van der Kamp|Douwe Hoeksema"
"T00133","T00133.jpg","P3|P2|P1","Petrus Einthoven|S.J. Einthoven|M.C.J. Einthoven-Baart de la Faille"
"T00134","T00134.jpg","P3|P2|P1","J. Doff|Bentje Westerbrink|Ake Sikkema"
"T00135","T00135.jpg","P2|P1","Albertje Hummel|Gerard de Boer"
"T00136","T00136.jpg","P1|P2","Simon Siesling|Tallegien de Raad"
"T00137","T00137.jpg","P1|P2","Jan Thie|Annechien Biemolt"
"T00138","T00138.jpg","P2|P1","Jan Veldman|Pietje Wondaal"
"T00139","T00139.jpg","P1|P2","Pieter Stevens|Ida Harms"
"T00140","T00140.jpg","P2|P1","Jan Rengers|Aaltje Wijngaard"
"T00141","T00141.jpg","P1|P2","Harm Gooyert|Hinderkje Steenhuis"
"T00142","T00142.jpg","P2|P1","Tjistke Idskes|Jan de Vries"
"T00143","T00143.jpg","P2|P1","Gerrit Lefferts|Jentje Schiphorst"
"T00144","T00144.jpg","P1|P2","Elzina Wiltens|Apko de Groot"
"T00145","T00145.jpg","P1|P2","Truus Oranje|Johanna Barbera Oranje"
"T00146","T00146.jpg","P1|P3|P2","Jacob Huizinga|Jan Middel|Bouwina Lubbers"
"T00147","T00147.jpg","P1|P2|P3","Roelfje Meertens|Hendrik Meertens|Nella Steenhuis"
"T00148","T00148.jpg","P2|P1","Menno Berend Draaisma|Elizabeth Vogelzang"
"T00149","T00149.jpg","P1","Anne Marie Carolina Wijnoldij-Daniëls"
"T00150","T00150.jpg","P2|P1","Antonie Beuker|Hillegina Stemmer"
"T00151","T00151.jpg","P3|P1|P2","Kornelia Luiken|Harm Luiken|Aaltje Wolters"
"T00152","T00152.jpg","P2|P1","Hendrik Evendik|Gerharda Kok"
"T00153","T00153.jpg","P1|P2","Albert G. Noordhuis|Aaltje de Hoop"
"T00154","T00154.jpg","P2|P1","Barbera Zwiers|Johannes Dalmolen"
"T00155","T00155.jpg","P3|P4|P2|P1","Bendert Kloosterman|A. Koenes|Ale Koenes|Roelina Onstwedder"
"T00156","T00156.jpg","P3|P2|P1","Dirkje Nieuwhof|Menne Faber|Froukje Schripsema"
"T00157","T00157.jpg","P2|P3|P4|P1","Wiebe Boersma|Johanna Wubbiena Boersma|P. Gerrits|Elizabeth Denekamp"
"T00158","T00158.jpg","P1|P3","Jan Schaap|Arendina Venema"
"T00159","T00159.jpg","P1|P2","Wiebegien Brouwer|J. Smidt"
"T00160","T00160.jpg","P2|P1","J. Limborgh|Hilligien Wieringa"
"T00161","T00161.jpg","P2|P1","Marten de Wind|Jeltje Veenman"
"T00162","T00162.jpg","P3|P2|P1","Antje Bultje|Jan Jager|Johannes Jager"
"T00163","T00163.jpg","P2|P1|P3","Henderikus Spies|Grietje Spies|Roelfke Heemstra"
"T00164","T00164.jpg","P3|P1|P2","Jeltje Paré|Frederik Menno Edens|Tammo Edens"
"T00165","T00165.jpg","P2|P1|P3","Hindrik Kamphuis|Jantina Frederika Bakker|Grietje Bakker"
"T00166","T00166.jpg","P1|P2","Kornelis M. den Hartog|Adelaide A. den Hartog Cantineau"
"T00167","T00167.jpg","P1|P2","Maria Hendriks|Dina Hendriks"
"T00168","T00168.jpg","P1","Jan Siemen Hermanni"
"T00169","T00169.jpg","F","POLL"
"T00170","T00170.jpg","F","R. BAKKER"
"T00171","T00171.jpg","P1","Ernst Hendrik Sprenger"
"T00172","T00172.jpg","P1","A.C. Loos"
"T00173","T00173.jpg","P2|P1","Jenneke Tiel|Godfried Lodewijk van Zetten"
"T00174","T00174.jpg","P1","A. Hof"
"T00175","T00175.jpg","P2|P1","B. Bosma-Haverbult|H.J. Bosma"
"T00176","T00176.jpg","P2|P1","Egbert Slagter|Harmke Streuper"
"T00177","T00177.jpg","P2|P1","Henderika Veentjer|Jelle Stutvoet"
"T00178","T00178.jpg","P1|P2","Sjouktje Pama|Lieuwe Huizinga"
"T00179","T00179.jpg","P1","Petronella Wilhelmina Rijgersveer"
"T00180","T00180.jpg","P1","Maria Bleeker"
"T00181","T00181.jpg","F","ROWAAN"
"T00182","T00182.jpg","P2|P1","S. Bouwman|Karel Duiker"
"T00183","T00183.jpg","P1|P2","Dina van der Schraaff|Jan Peter van Ham"
"T00184","T00184.jpg","P2|P1","Henderika Magnin|Carl Gottfried Ensdorff"
"T00185","T00185.jpg","P3|P1|P2","Johannes Veldman|Hendrik Veldman|Geertje Dozeman"
"T00186","T00186.jpg","P2|P1","Hendrik Palts|Ellegien Gezina Beuker"
"T00187","T00187.jpg","P2|P1","Trijntje Steenbergen|Willem Schuur"
"T00188","T00188.jpg","P1","Anneke Klip-van den Nieuwendijk"
"T00189","T00189.jpg","P1","Jan Bakker"
"T00190","T00190.jpg","P2|P3|P1|P4","K.J. Runhardt|J.K. Runhardt|Hilke Dieterman|Margaretha D. Runhardt-Smit"
"T00191","T00191.jpg","P2|P1|P3","A. van der Schoot|R. Soetendal|Hendrik"
"T00192","T00192.jpg","P1|P2","Baukje Spits|Eliza Vegter"
"T00193","T00193.jpg","F","P. ZWART"
"T00194","T00194.jpg","P1","Heinrich Stoll"
"T00195","T00195.jpg","P2|P1|P3","J. Heuning|Annie Stuivinga|Aafien"
"T00196","T00196.jpg","P2|P1","Jan Huisman|Tjitske de Vries"
"T00197","T00197.jpg","P2|P1","Sieger Harko Veldsema|Gouke Jannes Veldsema"
"T00198","T00198.jpg","P2|P1","Martje Olling|Jan Veldsema"
"T00199","T00199.jpg","P1|P2","Heika Schreuder|Regnerus Dantuma"
"T00200","T00200.jpg","P1|P2","Jantina Pietronella Cusiël|Jan Wiersema"
"T00201","T00201.jpg","P2|P1","Rudolf van der Molen|Dirkje Wachter"
"T00202","T00202.jpg","P2|P1","Berendina Vrijdaal|Adolf Leijdsman"
"T00203","T00203.jpg","P2|P1","Teubina G. Hidskes|Albertus Steenhuis"
"T00204","T00204.jpg","P1","Maria Johanna Hendriks"
"T00205","T00205.jpg","P2|P1","Auke Veenstra|Margaritha Balkema"
"T00206","T00206.jpg","P1","Jan Gerrits Rijkens"
"T00207","T00207.jpg","P1","B.J. Zijlstra"
"T00208","T00208.jpg","P1","Harm Kornelis Kruijer"
"T00209","T00209.jpg","P2|P1","J.T. Wolters|Pieter J. Bolhuis"
"T00210","T00210.jpg","P3|P2|P1","Hendrik|Annechien Niewold|Hindrik Koning"
"T00211","T00211.jpg","P2|P1|P3","Imke van Delden|Epke Knollema|Berend E. Knollema"
"T00212","T00212.jpg","P2|P1","D. Kranenburg|Antje Oorlog"
"T00213","T00213.jpg","P1|P2","Albert Bakker|Geertje Mulder"
"T00214","T00214.jpg","P1|P2","Annechien Zwaneveld|E. Woldring"
"T00215","T00215.jpg","P2|P1","A. Zwaneveld|Eeuwke Woldring"
"T00216","T00216.jpg","P3|P1|P2","Anna Bolt|Eliesabeth Wieringa|Jan Wieringa"
"T00217","T00217.jpg","P3|P2|P1","Anna Bolt|Jan Wieringa|Grietje Wieringa"
"T00218","T00218.jpg","P4|P2|P3|P1","Anna Bolt|Hindrik Wierenga|Jan Wieringa|Klaaziena Wieringa"
"T00219","T00219.jpg","P2|P1","Jantje Kol|Elle Hendriks Koning"
"T00220","T00220.jpg","P2|P1|P3","Elle H. Koning|Harm E. Koning|Jantje H. Kol"
"T00221","T00221.jpg","P1","Henderkien Elles Koning"
"T00222","T00222.jpg","P2|P1","Frederika Witkop|Hindrik Elles Koning"
"T00223","T00223.jpg","P2|P1","Hindrik Elles Koning|Frederika Witkop"
"T00224","T00224.jpg","P1|P2","Etje Jans Emmelkamp|Klaas Kruijer"
"T00225","T00225.jpg","P2|P1","F. van Lang|W. Kolkman"
"T00226","T00226.jpg","P1|P2","Auktje Velthuis|Koop Jans Emmelkamp"
"T00227","T00227.jpg","P1|P2","Koop Jans Emmelkamp|Auktje Velthuis"
"T00228","T00228.jpg","P2|P1","Koop Hendriks Bruininga|Trijntje Geerts Boerma"
"T00229","T00229.jpg","P1","Fenje Koops Bruininga"
"T00230","T00230.jpg","P1","Geert Koops Bruininga"
"T00231","T00231.jpg","P1","Wibbechien Koops Bruininga"
"T00232","T00232.jpg","P1|P2","P.P. Bolhuis|L.P. Wigboldus"
"T00233","T00233.jpg","P2|P1|P3","L.A. van Dijken|Fennechien van Dijken|L.P. Wigboldus"
"T00234","T00234.jpg","P1|P2","Luitje Abels van Dijken|Lammechien P. Wigboldus"
"T00235","T00235.jpg","P1|P2","Jan Tammes Emmelkamp|Wibbechien K. Bruininga"
"T00236","T00236.jpg","P2|P1","K.H. Kruijer|Grietje Klaassens Bouwman"
"T00237","T00237.jpg","P3|P1|P2","Arend Tonko Lever|Henderika Lever|Rolina Medok"
"T00238","T00238.jpg","P2|P1","H. Rosing|Alberndina Mesken"
"T00239","T00239.jpg","F","NIEWOLD"
"T00240","T00240.jpg","P1|P3|P2","Berend Hekman|Geertruida van Dalen|Annechien Takens"
"T00241","T00241.jpg","P1","Hendrik van Dam"
"T00242","T00242.jpg","P2|P1","Hendrik van Dam|Henrikje Berends"
"T00243","T00243.jpg","P1|P2","Frens van Gijssel|Sietske de Vries"
"T00244","T00244.jpg","P2|P1","Neeltje van der Wis|Feiko Jacob Bouman"
"T00245","T00245.jpg","P1|P2","Annechien Bazuin|Roelf Mannes"
"T00246","T00246.jpg","P1","Tjaatje Meijer"
"T00247","T00247.jpg","P1|P2","Hendrikje Bazuin|Jan Berends"
"T00248","T00248.jpg","P1","Trijntje Veldman"
"T00249","T00249.jpg","P2|P1","H. Stollenga|Egbert Vorenkamp"
"T00250","T00250.jpg","P2|P3|P1|P4","Jantje Niewold|Berend Richie|Egbertien Bovenschulte|Koosje Richie"
"T00251","T00251.jpg","P2|P1","M. Casimir|Eelko Jan Groeneveld"
"T00252","T00252.jpg","P1|P2|P3|P4","Jan Schut|Aaltje Ankum|Hendrik Jan Schut|Jan Hendrik Schut"
"T00253","T00253.jpg","P2|P4|P3|P1|P5","Grietje van der Zweep|Jacob van der Zweep|Hendrik Keizer|Angenietje Keizer|Angenietje Reichenbach"
"T00254","T00254.jpg","P1","Naamke Limborgh"
"T00255","T00255.jpg","P1","Martinus Ekko Vorenkamp"
"T00256","T00256.jpg","P2|P1","E. Vorenkamp|Hilje Stollenga"
"T00258","T00258.jpg","P1","Jeroen Bijl"
"T00259","T00259.jpg","P1","Berend van Veen"
"T00260","T00260.jpg","P2|P1|P3","Grietje Spier|Heerina Suiding|Siebolt Suiding"
"T00261","T00261.jpg","P2|P1","Jantje Klein|George Eyndhoven"
"T00262","T00262.jpg","P1|P2","Johannes Curdh|Trientje Flikkema"
"T00263","T00263.jpg","P2|P1","T. Schokkenbroek|C.K. Wieringa"
"T00264","T00264.jpg","P1|P2","Hans E. Höfers|A. Veenstra"
"T00265","T00265.jpg","P2|P1","Aalderikus de Vries|Alida Martina Willemina Boeser"
"T00266","T00266.jpg","P2|P1","Jantje Wolf|Jannes Blaauw"
"T00267","T00267.jpg","P2|P1","Aaltje Woldhuis|Albert Uitham"
"T00268","T00268.jpg","P3|P2|P1","STEL|VANFRACHEM|Gaston-August Vanfrachem"
"T00269","T00269.jpg","P2|P1","H. Spelde|Grietje A.C. Eggens"
"T00270","T00270.jpg","P2|P1","Aaltje Vrieling|Harm Barteld Vos"
"T00271","T00271.jpg","P2|P1","Mietje Poort|Jan Nieborg"
"T00272","T00272.jpg","P1|P2","Rinze Stel|Eldina Kempinga"
"T00273","T00273.jpg","P2|P1","Lammert Kuipers|Geessien Lubbers"
"T00274","T00274.jpg","P2|P1","Anna Wolthuis|Tjerk Merguêt"
"T00275","T00275.jpg","P1|P3|P2","Lolke van der Werf|Jantje Zuur|Jantje Moltmaker"
"T00276","T00276.jpg","P1|P2","Roelofje de Jong|W. Zuidland"
"T00277","T00277.jpg","P2|P1","Egbert de Vries|Barbertje Bouma"
"T00278","T00278.jpg","P2|P1","E.H. LUBBERS|Eelje Lier"
"T00279","T00279.jpg","P1","Berend Smedema"
"T00280","T00280.jpg","P1|P2","Lutgert Doornbos|Jakob Kuipers"
"T00281","T00281.jpg","P2|P1","W.R. Bussema|Pieter Jakobs Kuipers"
"T00282","T00282.jpg","P2|P1","J.D. Oosting|Jaaptje van Dam"
"T00283","T00283.jpg","P1|P3|P2","Willemina Kuiper|Hendericus Kuiper|Harmina Zuiderveld"
"T00284","T00284.jpg","P1|P2","Anna Rijploeg|Eppe Wierenga"
"T00285","T00285.jpg","P2|P1","Jacob Stel|Lamberta Mulder"
"T00286","T00286.jpg","P1|P2","Pieter Bakker|Jantje Rozemuller"
"T00287","T00287.jpg","P2|P1","Jantje Kool|Hendrik G. Oosterhuis"
"T00288","T00288.jpg","P1|P2","J. Bekema|S. Zuidema"
"T00289","T00289.jpg","P2|P1","D.W. Jensema|Kornelis J. Buurma"
"T00290","T00290.jpg","P1","Jan Kat"
"T00291","T00291.jpg","P1|P2","Hermannus Troost|Antje van der Putten"
"T00292","T00292.jpg","P2|P1","Harm Drenth|Willemina Zandink"
"T00293","T00293.jpg","P2|P1","Roelofje Nijmeijer|Lambertus Hermannus van der Sleen"
"T00294","T00294.jpg","P2|P1","Harm Bork|Aaltje Veldman"
"T00295","T00295.jpg","P1|P2","Johanna Seinen|Cornelis Warmels"
"T00296","T00296.jpg","P1|P2|P3","Johannes Doldersum|Hilligje Doldersum-Bruins|J. Bruins"
"T00297","T00297.jpg","P1|P2","Hendrikje|G. Strijker"
"T00298","T00298.jpg","P2|P1","J. Bakker-Seubring|Berend Bakker"
"T00299","T00299.jpg","P1","Koob Schelhaas"
"T00300","T00300.jpg","P2|P3|P1","Jan Bork|Bork|Roelofje Remken"
"T00301","T00301.jpg","P1","Lambertus Fledderus"
"T00302","T00302.jpg","P1|P2","Albert Oets|Aleida Roelina Jentina Sterken"
"T00303","T00303.jpg","P1|P2","Thomas Padding|Geertje Voerman"
"T00304","T00304.jpg","P2|P1","Albertus Hagen|Jantje Prigge"
"T00305","T00305.jpg","P2|P1","J.J. de Jonge|Margje Eleveld"
"T00306","T00306.jpg","P1","Koos Warmels"
"T00307","T00307.jpg","P1","Derk Jan Oosterhuis"
"T00308","T00308.jpg","P1","Klaas Engberts"
"T00309","T00309.jpg","P1","Hendrika van Dalen"
"T00310","T00310.jpg","P3|P2|P1","Gé Luinge|Albert Smeman|Grietien Lesschen"
"T00311","T00311.jpg","F","M. SPIKMAN"
"T00312","T00312.jpg","P3|P1|P2","Aaltje Steenbergen|Hendrikje Hartsuiker|Albert Smeman"
"T00313","T00313.jpg","P1|P2","Jacob Bremer|Margje Steenbergen"
"T00314","T00314.jpg","P1|P3|P2","H. Smeman|H.C.H. Smeman|E. Smeman-Eenkema"
"T00315","T00315.jpg","P2|P1","J. Veldkamp-Halfmouw|B. Veldkamp"
"T00316","T00316.jpg","P1","Remmelt van Hees"
"T00317","T00317.jpg","P1|P2","Harm Albertus Robaard|Geesje Smit"
"T00318","T00318.jpg","P2|P1","Hendrik Doze|Akke Doze"
"T00319","T00319.jpg","P2|P1|P3","G. Jansen|Griet Jansen-Slomp|G. Rundervoort"
"T00320","T00320.jpg","P2|P1","Grietje Martens-Koster|Albert Martens"
"T00321","T00321.jpg","P1|P2|P3","Geesje Otten|Johannes Jonkman|M. ten Zijthoff"
"T00322","T00322.jpg","P2|P1","Gerrit Scholten|Aaltje Zomer"
"T00323","T00323.jpg","P2|P1","Otto Metselaar|Geertruida Jut"
"T00324","T00324.jpg","P1|P2","S. Eshuis|M. van Leeuwen"
"T00325","T00325.jpg","P2|P1","Coenraad Koster|Wilhelmina Brunsting"
"T00326","T00326.jpg","P1","Kornelis Loijenga"
"T00327","T00327.jpg","P3|P4|P2|P1","J. Hutten|Aaltje Faas|Harm Faas|Lucia Erdt"
"T00328","T00328.jpg","P2|P1","Hillegonda Blokzijl|Hendrik Klooster"
"T00329","T00329.jpg","P2|P5|P4|P1|P3|P6|P7","Roelof Post|Roel|Andre|Lambertje Honing|Aaltje Deliaantje|Inge|Roy"
"T00330","T00330.jpg","P2|P1","Elsje Lip|Dirk Zomer"
"T00331","T00331.jpg","P1|P2","Jan Steenbergen|Aaltje Steenbergen-Dekker"
"T00332","T00332.jpg","P2|P1","Dina Regina de Haan|Arend J. Seinen"
"T00333","T00333.jpg","P3|P1|P2","Aaltje|Jan Johannes Padding|Femmina Gesina Fernhout"
"T00334","T00334.jpg","P1|P2","Jan Huizing|Lammechien Oldenburger"
"T00335","T00335.jpg","P1|P2","Geertje Compagner|Hendrik Steenbergen"
"T00336","T00336.jpg","P2|P1","Arendina Hermina Vermeulen|Albert Bruins"
"T00337","T00337.jpg","P1|P2","Jan Vermeulen|Annigje Westenberg"
"T00338","T00338.jpg","P1","Jentje Winkel"
"T00339","T00339.jpg","P1|P2","Lammigje Veldman|Wolter Kleine"
"T00340","T00340.jpg","P1|P2","Henderikus La Gro|Pauline Haak"
"T00341","T00341.jpg","P4|P3|P1|P2","H.A. Booij-Veldman|H.A. Booij|Evert Booij|Magaretha Booij"
"T00342","T00342.jpg","P1|P2|P3","Roelofje Brunsting|Egbert Vos|W.A. Vos"
"T00343","T00343.jpg","P1|P2|P3","Hendrikje Steen|Willem|Arend Gort"
"T00344","T00344.jpg","P1|P2","Hendrik Vrijhof|Lamberta Vrijhof-Kuilder"
"T00345","T00345.jpg","P1","Iris Jolanda Kraai"
"T00346","T00346.jpg","P1|P3|P2","Abel Davids|Marchien Westerhof|Trijntje Ebbinge"
"T00347","T00347.jpg","P1|P2","Albertje Ploeg|L. Doornbos"
"T00348","T00348.jpg","P1|P2","Klaas Kregel|Reina Stoffers"
"T00349","T00349.jpg","P1|P2","Jan Noord|Jeigien Arends"
"T00350","T00350.jpg","P1|P2","Jansje Janssen|Arend Smit"
"T00351","T00351.jpg","P2|P1","H. Noord|Jantien Homan"
"T00352","T00352.jpg","P3|P1|P2","J. Homan|Hendrik Noord|B. Lammers"
"T00353","T00353.jpg","P1|P2","Boelina Lammers|H. Noord"
"T00354","T00354.jpg","P1","Klaas Boetting"
"T00355","T00355.jpg","P1|P2","Jan Hessels|Hendrik Hessels"
"T00356","T00356.jpg","P1|P2","Freerk Engberts|Aaltien Boerema"
"T00357","T00357.jpg","P2|P1","Jantien Enting|Geert Abrahams"
"T00358","T00358.jpg","P2|P1","Albert Gerrits|Jalkien Rijmsma"
"T00359","T00359.jpg","P1|P2","Geertien Bathoorn|Lambertus Hummel"
"T00360","T00360.jpg","P1|P2","Grietje Jager|TH. Pietersen"
"T00361","T00361.jpg","P1|P2","Theodorus Pietersen|G. Jager"
"T00362","T00362.jpg","P1|P2","Jakob Smeenge|Jantje Darwinkel"
"T00363","T00363.jpg","P1|P2","Jantje Darwinkel|Jakob Smeenge"
"T00364","T00364.jpg","P1|P2","Hendrik Blaauw|Jantje Speelman"
"T00365","T00365.jpg","P3|P2|P1","E. Smeenge-van Dalen|R. Smeenge|Froukje Smeenge"
"T00366","T00366.jpg","P1|P2","Anna Arends|Doede Barelds"
"T00367","T00367.jpg","P2|P1","Albert Klaassens|Alberdina Venekamp"
"T00368","T00368.jpg","P3|P1|P2","Geesien Hilgers|Gerrit Hilgers|Albertien Steunebrink"
"T00369","T00369.jpg","P2|P3|P1","Jantje Horst|Jantje Hindriks|Jan Hindriks"
"T00370","T00370.jpg","P1|P2","Geessien Raven|Albert Homan"
"T00371","T00371.jpg","P1","Jan Boelens"
"T00372","T00372.jpg","P1|P2","Thijs Wilkens|Alida Ottens"
"T00373","T00373.jpg","P1|P2","Maria Helena Cramer Von Baumgarten|W. Okken"
"T00374","T00374.jpg","F","DE VRIES-VAN DER LOEFF"
"T00375","T00375.jpg","P2|P1","H. de Graaf|Berendina Boekelo"
"T00376","T00376.jpg","P2|P1","Gesiena Bouwina Deelsnijder|Pieter Buring"
"T00377","T00377.jpg","P2|P1","Berend Kinds|Ellegien Gelling"
"T00378","T00378.jpg","P1|P2","Evelina Veendijk|Albert Lampe"
"T00379","T00379.jpg","P2|P1","Nantje Meedendorp|Meint Polman"
"T00380","T00380.jpg","P1","Trijntje IJstra"
"T00381","T00381.jpg","P2|P1","Jan Mosselman|Maaike Mosselman-Piebenga"
"T00382","T00382.jpg","P1","Hieke de Boer"
"T00383","T00383.jpg","P1|P3|P2","Wolter Dijkstra|Geeltje de Boer|Berber Post"
"T00384","T00384.jpg","P2|P1","Aaltje van Dellen|Alle IJtsma"
"T00385","T00385.jpg","P1","Andries Haagsma"
"T00386","T00386.jpg","P3|P1|P2","Jan R. Luinstra|Steventje A. Sietzema|Jan W. Reitsma"
"T00387","T00387.jpg","P2|P1|P3","A.G. Heidema|Betske J. Spoelman|Jan R. Luinstra"
"T00388","T00388.jpg","P2|P1","Tietje Westerhof|Jakob Kloostra"
"T00389","T00389.jpg","P1|P2","Jan Waltje|Hemma Kugel"
"T00390","T00390.jpg","P1|P2","Aalzen Spoelstra|Geertje van der Kooi"
"T00391","T00391.jpg","P1|P2","Sophias de Vries|Sijke A. Dijkstra"
"T00392","T00392.jpg","P1|P2","Antje Kuipers|Conradus Albertus Kuipers Dijken"
"T00393","T00393.jpg","P2|P1","Antje Kuipers|Conradus Albertus Kuipers Dijken"
"T00394","T00394.jpg","P1|P2","Liekela Dijkstra|Seeske Siegersma"
"T00395","T00395.jpg","P2|P1","Willemke Feenstra|Ludolf Feenstra"
"T00396","T00396.jpg","P1|P2","Sake Bosma|Antje Mulder"
"T00397","T00397.jpg","P2|P1","Maaike van der Veen|Jan Waltje"
"T00398","T00398.jpg","P1","Folkertje de Boer"
"T00399","T00399.jpg","P1","Ruurd de Haan"
"T00400","T00400.jpg","P2|P1","G. Veenstra|Rindert J. Hulshoff"
"T00401","T00401.jpg","P1|P2","Grietje Land|Anne Ellens"
"T00402","T00402.jpg","P2|P1","H.J. Pol|Akke van der Galiën"
"T00403","T00403.jpg","P1|P2","Hendrik J. Pol|A. van der Galiën"
"T00404","T00404.jpg","P1|P2","Josina Sienema|H.J. Pol"
"T00405","T00405.jpg","P2|P1","Renskje Visser|Hendrik A. Bruinsma"
"T00406","T00406.jpg","P2|P1","Minne W. Veenstra|Liesbeth Jans de Meer"
"T00407","T00407.jpg","P1|P2","Minne W. Veenstra|L.J. de Meer"
"T00408","T00408.jpg","P1|P2","Beertje A. Kootstra|Johannes T. Wouda"
"T00409","T00409.jpg","P3|P2|P1","Harm|Anneke Detz|Egbert Geert Jan Biemold"
"T00410","T00410.jpg","P2|P1","Annechien Slagter|Albert van Rein"
"T00411","T00411.jpg","P1|P2","Jantje Nieboer|Meint Dijkstra"
"T00412","T00412.jpg","P2|P1","Clara Maria Angela Reitsma-van Ooijen|Laurens Jan Reitsma"
"T00413","T00413.jpg","P1|P2|P3","Franciscus Boers|W. Boers|A. Boers-Bodenstaff"
"T00414","T00414.jpg","P1|P2","Geert Thijs|Wicherdina Pieters"
"T00415","T00415.jpg","P2|P1","Hendrik Koops|Geessien Rossing"
"T00416","T00416.jpg","P1|P2","Hendrik Koops|Fennegien Barkhof"
"T00417","T00417.jpg","P1|P3|P2","Willemtje Arends|Pieter Greving|Albert Timmer"
"T00418","T00418.jpg","P1|P2|P3","Egberdina Zuideveld|W. Zuideveld|J. Gerrits"
"T00419","T00419.jpg","P2|P1","Jans Barkhuis|Roelofje Brouwer"
"T00420","T00420.jpg","P1","Aafke Teensma"
"T00421","T00421.jpg","P1","Willem Dijkstra"
"T00422","T00422.jpg","P1","Martin van Waning"
"T00423","T00423.jpg","P1","Neeltje Fenenga"
"T00424","T00424.jpg","P1","A. Orre de Jong"
"T00425","T00425.jpg","P2|P1","Margaretha P. de Jager|Jan Wiersma"
"T00426","T00426.jpg","P1|P2","A.J. Visser|TH. Klontje"
"T00427","T00427.jpg","P2|P1","Jacoba Abramina Zeilinga|Hendrik Willem van den Berg"
"T00428","T00428.jpg","P1","Geertje Jaski"
"T00429","T00429.jpg","P2|P1","Aafje Ytje Jansma|Jan Visser"
"T00430","T00430.jpg","P1","Douwe Visser"
"T00431","T00431.jpg","P2|P1","Wijnand Paulus de Jong|Tjitske P. Teensma"
"T00432","T00432.jpg","P1|P2","Jan Livius Visser|Trijntje Wiersma"
"T00433","T00433.jpg","P1|P2","Tjeerd Schaafsma|Henderika Becherer"
"T00434","T00434.jpg","P2|P1","Georg Henneman|Wilhelmina Anthonia Maria Adriana van den Worm"
"T00435","T00435.jpg","P2|P1","Aaltje Jansje Visser|Thomas Klontje"
"T00436","T00436.jpg","P2|P1","Antje TH. Jensma|Johannes J. de Vries"
"T00437","T00437.jpg","P1|P2","Henk Drent|Wilhelmina Geertruida Budde"
"T00438","T00438.jpg","P2|P1","Pieternella Jacoba van den Worm-Goedbloed|Abraham Willem van den Worm"
"T00439","T00439.jpg","P2|P4|P1|P3","Wietske Carst|Meinsina Draijer|Catharina Louisa Draaijer|Herman Draaijer"
"T00440","T00440.jpg","P1|P2|P3","Trijnie van Bon|Annie Browne-van Bon|Colin Huntington-Browne"
"T00441","T00441.jpg","P2|P1","Jan Zeilinga|Stijntje Coerkamp"
"T00442","T00442.jpg","P1|P2","J.J. Visser|A.E. Buwalda"
"T00443","T00443.jpg","P2|P1","Jan Teerdstra|Rensche Triemstra"
"T00444","T00444.jpg","P2|P1","Jacob Teerdstra|Bouke Teerdstra"
"T00445","T00445.jpg","P1","Yje Teerdstra"
"T00446","T00446.jpg","P1","Teatsche Teerdstra"
"T00447","T00447.jpg","P2|P1","Douwe Hek|Justina Wutscher"
"T00448","T00448.jpg","P1|P2","Engelina Abrahams Zeilinga|IJtje Post Konter"
"T00449","T00449.jpg","P2|P1","Jans Jollema|Teen Willem Visser"
"T00450","T00450.jpg","P1|P2","Jacobus Josephus van der Werff|Petronella Faas"
"T00451","T00451.jpg","P1","Hendrikus Frederikus van der Kallen"
"T00452","T00452.jpg","P1","Johanna H. Wiebenga"
"T00453","T00453.jpg","P1","Gerardus Jacobus van der Werff"
"T00454","T00454.jpg","P1","Henk Spoelstra"
"T00455","T00455.jpg","P1|P2","Gerhard Brenninkmeijer|Cecilia Brenninkmeijer"
"T00456","T00456.jpg","P1","Umberto Mandricardo"
"T00457","T00457.jpg","P1","Wilhelmina Christina de Boer"
"T00458","T00458.jpg","P1","Rudolf W.L. van Liebenstein"
"T00459","T00459.jpg","P1|P2","Jacobus Walon|Ida Walon"
"T00460","T00460.jpg","P1","Georg van der Ploeg"
"T00461","T00461.jpg","P1","Geertruida Maria Doodkorte"
"T00462","T00462.jpg","P2|P1","P.J. Rothengatter-Schuitmaker|J.H.TH. Rothengatter"
"T00463","T00463.jpg","P1","Jan Arend Copini"
"T00464","T00464.jpg","P1|P2","Theodorus J. Houkes|Trijntje Radersma"
"T00465","T00465.jpg","P2|P1","Wilhelmina Dumope|Jacobus Maria Stek"
"T00466","T00466.jpg","P2|P1","Gerhardus J. Adema|Cornelia Adema de Vries"
"T00467","T00467.jpg","P1","Theodorus Petrus Albada Jelgersma"
"T00468","T00468.jpg","P1|P2","Martinus J. Pannekoek|Eke Faber"
"T00469","T00469.jpg","P1|P2","Anne Tekstra|Tietje Huisman"
"T00470","T00470.jpg","F","BERSSENBRUGGE"
"T00471","T00471.jpg","P1|P2","Jozeph Weitenberg|Jeltje Dikmans"
"T00472","T00472.jpg","P1|P3|P4|P2","Agatha Schoffelmeer|Anna Schoffelmeer-de Jong|C. Schoffelmeer|Antonius Peters"
"T00473","T00473.jpg","P2|P1","Sipkje Spoelstra|Johannes M. van der Linden"
"T00474","T00474.jpg","P2|P1","C. Postma|Johannes Terpstra"
"T00475","T00475.jpg","P2|P1","Maria J. Gerritsen|Andries D. Siemansma"
"T00476","T00476.jpg","P1|P2","Thecla Dominica Kamstra|Sjoerd Bijl"
"T00477","T00477.jpg","P1|P2","Francina Maria Langendijk|Johannes Hollenga"
"T00478","T00478.jpg","P1|P2","Rein F. Draayer|Fokke"
"T00479","T00479.jpg","P2|P1","Geesje Janssen|Jacopo Giusto Fazzi"
"T00480","T00480.jpg","P1","Leonardus Marie van der Linden"
"T00481","T00481.jpg","P2|P1","Margaretha Stoelinga|Jurjen Riksma"
"T00482","T00482.jpg","P3|P1|P2","Jezus|Anna Catharina Berndes|Hans Koelstra"
"T00483","T00483.jpg","P1|P3","Douwe Koopal|Jezus"
"T00484","T00484.jpg","P2|P1|P3","Andries Koopal|Tekela Schroor|Jezus"
"T00485","T00485.jpg","P2|P1|P3","Catharina Flapper|Adrianus Willem Nicolaas Hofstede|F.B. Hofstede"
"T00486","T00486.jpg","P3|P1|P2","C. Flapper|Maria Bleeker|Franciscus Bartholomeus Hofstede"
"T00487","T00487.jpg","P2|P1|P3","Frederik Wiemers|Tekela Maria Ruurda|Christina Wiemers"
"T00488","T00488.jpg","P1|P2","Boukje Zwart|Jacobus IJpma"
"T00489","T00489.jpg","P2|P1","Henderika Trossel|Johannes F. Janssen"
"T00490","T00490.jpg","P2|P1","Aukje Jasper|Douwe Harder"
"T00491","T00491.jpg","P2|P1","J. Bonnema de Jong|Douwe Bonnema"
"T00492","T00492.jpg","P2|P1","A.T. Rosenberg|Stephania Bourgonje"
"T00493","T00493.jpg","P2|P1","Pieter van der Zee|Helena Panhuis"
"T00494","T00494.jpg","P2|P1","Baukje Alberts de Jong|Gouke Boonstra"
"T00495","T00495.jpg","P2|P3|P1","Johanna Jager|K. Woudstra|Aebe Woudstra"
"T00496","T00496.jpg","P1","Klaas T. Poelstra"
"T00497","T00497.jpg","P1|P2","Bartje Bilijam|Johannes F. Mijlius"
"T00498","T00498.jpg","P3|P2|P4|P1","Aldert|Foppe|Wichert|Pieter Foppes Bruinsma"
"T00499","T00499.jpg","P1|P2","Antje Wieringa|Klaas D. van Egten"
"T00500","T00500.jpg","P1","IJpe Rauwerda"
"T00501","T00501.jpg","P2|P1","Maria Louisa Eldermans|Johannes Fransbergen"
"T00502","T00502.jpg","P2|P3|P1","B. de Kant Dijkstra|IJpke Sjoukje de Vries|Bartele de Kant"
"T00503","T00503.jpg","P1|P2","Jentje Hoogeveen|A. Bakker"
"T00504","T00504.jpg","P2|P1","Hendriëtte de Vries|Jan H. Wilhelmij"
"T00505","T00505.jpg","P2|P1|P3","Theodorus M. Fischer|Helena R.M. Dijkhoff|Catharina J.M. Hoogman"
"T00506","T00506.jpg","P1|P2","Johannes Dijkhoff|Sara Kindermans"
"T00507","T00507.jpg","P2|P3|P1","Johanna Hogema|IJsbrand Theodorus|Gerrit van der Meer"
"T00508","T00508.jpg","P3|P1|P2","Caecilia M. Lambooij-IJsselmuiden|Maria H.F. Lambooij-Ahsmann|Hermanus D. Lambooij"
"T00509","T00509.jpg","P1|P2","Tekela Catharina Lambooij-Mulder|Theodirus Petrus Antonius Lambooij"
"T00510","T00510.jpg","P1","Eelke ten Cate"
"T00511","T00511.jpg","P1","Adrie"
"T00512","T00512.jpg","P1","Jozua Vos"
"T00513","T00513.jpg","P1","Johannes Simon Talarima"
"T00514","T00514.jpg","P1","Julianus Anton Pelamonia"
"T00515","T00515.jpg","P1","Klaartje Eggens"
"T00516","T00516.jpg","P1|P2","Tini Meijer-Wieringa|Wytze Meijer"
"T00517","T00517.jpg","P1","Gerrit Otto Drenth"
"T00518","T00518.jpg","P1|P2","Egbert Helder|Renschedina Eisses"
"T00519","T00519.jpg","P1|P2","Tonnis Mulder|Geessien Geertsema"
"T00520","T00520.jpg","P1|P2","Jurrien Hagenouw|Harmanna Closse"
"T00521","T00521.jpg","P1","Klaas Elli Ismail"
"T00522","T00522.jpg","P1","Harry Mohamed Hoesein Karim"
"T00523","T00523.jpg","P1","Ibu Soerani Soebke-Wakit"
"T00524","T00524.jpg","P1|P2","Jan van der Wal|Geesinus Harmannus Schuurman"
"T00525","T00525.jpg","P1|P2","Eppo Ruiter|Geertje Staal"
"T00526","T00526.jpg","P2|P1","Poppy Wardenaar|Casper Wardenaar"
"T00527","T00527.jpg","P1|P2","Roelf Sjoerd van Dijk|Alltje Huizing"
"T00528","T00528.jpg","P1|P2","Johannes van der Meulen|Hiltje Timmerman"
"T00529","T00529.jpg","P1|P2","Loek Straube|Mary Straube"
"T00530","T00530.jpg","P2|P1|P3","G. Herwig|Hieronimus Herwig|Anna de Boer"
"T00531","T00531.jpg","P2|P1","Anna de Boer|Geert Herwig"
"T00532","T00532.jpg","P1|P2","Annie Venema|Roelf Smid"
"T00533","T00533.jpg","P1","Hendrika Maria Tonkes"
"T00534","T00534.jpg","P1|P2","Klaaske Gerlofs|Menzo Kuiper"
"T00535","T00535.jpg","P1","Geert Olthof"
"T00536","T00536.jpg","P1","H.F. Mulder"
"T00537","T00537.jpg","P2|P1","Jan Vrieze de Vries|Ida G. Strating"
"T00538","T00538.jpg","P2|P1","Ida G. Strating|Jan Vriese de Vries"
"T00539","T00539.jpg","P2|P1","Theodora Henrica Muller|Jan Eppes van der Wijk"
"T00540","T00540.jpg","P1|P2","Theodora H. Muller|Jan Eppes van der Wijk"
"T00541","T00541.jpg","P1","Catharina Krak"
"T00542","T00542.jpg","P1|P2","Jan van Linge|Tjietska van der Wal"
"T00543","T00543.jpg","P1|P2","Jan A. Muntendam|Martha J. Puister"
"T00544","T00544.jpg","P1|P2","Jantje Deddes|K. Wilkens"
"T00545","T00545.jpg","P1|P2","Jan Fransens Nipperes|Hillegien Hesseling"
"T00546","T00546.jpg","P2|P1|P3","Martinus Klugkist|Anna Kool|F. DE WEIJS"
"T00547","T00547.jpg","P2|P1","Geesjen Venema|Jan Mulder"
"T00548","T00548.jpg","P1","Ubbo Wilkens"
"T00549","T00549.jpg","P2|P1|P3","Wijndelt Obbes Venema|Margina Geertruida Wijndelts Venema|Harmanna Magaretha Abrahams Venema-Mulder"
"T00550","T00550.jpg","P1","Jan Odding"
"T00551","T00551.jpg","P2|P1","Jantje Jakobs Folkersma|Pieter Hendriks Hazewinkel"
"T00552","T00552.jpg","P1|P2","Barends|H. HOEKSEMA"
"T00553","T00553.jpg","P2|P1","Maria Kruizinga|Klaas Vlieg"
"T00554","T00554.jpg","P1","H.J. Top"
"T00555","T00555.jpg","P2|P1","Marchiena F. Slim|Geuchien R. Vos"
"T00556","T00556.jpg","P2|P1","A. Kuiper|Roelof Windt"
"T00557","T00557.jpg","P2|P1","Berend J. Jonker|Jantje A. Hazewinkel"
"T00558","T00558.jpg","P1|P2","Evert van Linge|Albertje Eltjes de Boer"
"T00559","T00559.jpg","P1|P2","Marchina Lucia Engelsman|Roelf Bosscher"
"T00560","T00560.jpg","P2|P1","S.M. van der Peijl|J. van Petegem"
"T00561","T00561.jpg","P1|P2|P3","Derk Stutvoet|Aaltje Loots|A. Heuving"
"T00562","T00562.jpg","P3|P1|P5|P4|P2|P6","Anja Geerdina|Dientje|H. Burema|Douwiena|Jacoba|R. van der Borgh"
"T00563","T00563.jpg","P2|P1","Margrita J. Kliphuis|Jacob van der Borgh"
"T00564","T00564.jpg","P1|P2","Roelfiene B. Hoetjer|Jan Jacob Ekema"
"T00565","T00565.jpg","P2|P1","P. van Dam|Egberdina Timminga"
"T00566","T00566.jpg","P1|P2|P3","Herman Hesse|Aaltje Bleeker|Zwaantje Hesse"
"T00567","T00567.jpg","F","FREDERIK HARDENHOF"
"T00568","T00568.jpg","P2|P1","Harm Kool|Trijntje de Haan"
"T00569","T00569.jpg","P1|P3|P2","Harm Kool|J. Jonker|Trijntje de Haan"
"T00570","T00570.jpg","P1|P2","Arend van Linge|Afien R. Giezen"
"T00571","T00571.jpg","P1|P2","Harmina Vos|Jan Drijfholt"
"T00572","T00572.jpg","P1|P2|P3","Jantina Gezina|R. Heerdt|A. Boer"
"T00573","T00573.jpg","P1","Geert Pijbes"
"T00574","T00574.jpg","P3|P2|P1","Hendrik Boekweg|Harko Bakker|Talje Takens"
"T00575","T00575.jpg","P1","Geger Frederik Rasidi"
"T00576","T00576.jpg","P1|P2|P3","Klaas M. Talens|Eltje G. Arends|Anje Rietema"
"T00577","T00577.jpg","P4|P2|P3|P1","W.H. Smith|Klaas M. Talens|Gerrit Arends Arends|Eltje G. Arends"
"T00578","T00578.jpg","P1","Evert van Veen"
"T00579","T00579.jpg","P1","Jan Roelf Oostinga"
"T00580","T00580.jpg","P1","Grietje Vermaas"
"T00581","T00581.jpg","P2|P1","K. MOES|Jantje Wierema"
"T00582","T00582.jpg","P1|P2|P3","Geert Bierling|Johanna Kladder|Lammechien Meisner"
"T00583","T00583.jpg","P1|P3|P2","Jan Pettinga|BONJERNOUR|Annecien Scholma"
"T00584","T00584.jpg","P4|P2|P1","K.J. MOES|Leender P. Bos|Geertje van der Schans"
"T00585","T00585.jpg","P1|P2","Hendrik Oostinga|Jakobke Cazemier"
"T00586","T00586.jpg","P1|P2","Jantje ten Hoorn|J. Timmer"
"T00587","T00587.jpg","P1","Jantje Kladder"
"T00588","T00588.jpg","P1","Berendinus Jan Bruins"
"T00589","T00589.jpg","P1|P2","Bruin Bruins|Martina Petronella de Boer"
"T00590","T00590.jpg","P1|P2","Jam Timmer|Hendrina Weg"
"T00591","T00591.jpg","P1","Hendrik Harmsma"
"T00592","T00592.jpg","P1","Kornelis Siegers"
"T00593","T00593.jpg","P1","Jan Faber"
"T00594","T00594.jpg","P1","Jacob F. Holwerda"
"T00595","T00595.jpg","P1","Manuel E. Lopes"
"T00596","T00596.jpg","P1","Ellen Gouvernante"
"T00597","T00597.jpg","P2|P1","Toos Maria Zuurveen|Cornelis Dirk Saal"
"T00598","T00598.jpg","P2|P1","Antje Bremer|Herman Johan Poort"
"T00599","T00599.jpg","P1|P2","Geessien Bos|Willem Reker"
"T00600","T00600.jpg","P2|P1","T. IJsinga|Jan Jonkman"
"T00601","T00601.jpg","P1","Jan Willems Koiter"
"T00602","T00602.jpg","P2|P1","H.R. Bruins|L.S. Nijhof"
"T00603","T00603.jpg","P4|P2|P1","WED. A. EVERARDS|Bron Talens|Tietje P. Steur"
"T00604","T00604.jpg","P2|P1","Hendrik Hooghoudt|Ida Medema"
"T00605","T00605.jpg","P1|P2|P3","Jan Nijboer|Trijntje Visscher|L.F. DE WIJS"
"T00606","T00606.jpg","P1|P2","Jacob Boerma Hz|LESTERHUIS"
"T00607","T00607.jpg","P1|P2","Eberhagen-Kalbitzer|L.F. DE WIJS"
"T00608","T00608.jpg","P3|P2|P1","A. BIELARS|Alberdina Nip|Hendrik H. Kamps"
"T00609","T00609.jpg","P1","Berend"
"T00610","T00610.jpg","P1|P2","Magrita Schabels|J.G. Benes"
"T00611","T00611.jpg","P3|P2|P1","HOLSBERGEN|Kunje Redeker|Andries Faber"
"T00612","T00612.jpg","P1|P2","Tamme ten Cate|Soetje Kempinga"
"T00613","T00613.jpg","P2|P4|P3|P1","Fokko Poppens|L.F. DE WIJS|Jakoba Feddes|Helena"
"T00614","T00614.jpg","P2|P3|P1","R. Pannenborg|A. Voerman|Abraham Pannenborg"
"T00615","T00615.jpg","P1|P2","Harm Kraster|Metdina Wilhelmina van Duinen"
"T00616","T00616.jpg","P3|P2|P1","T. Lanting|J. Nijmands|A.H. Suuroverste"
"T00617","T00617.jpg","P1|P2","Wigert Prins|Janke de Jonge"
"T00618","T00618.jpg","P2|P1","L.J. Bontekoe|W.R. Mulder"
"T00619","T00619.jpg","P1|P2","J.W. Mulder|L. Mulder"
"T00620","T00620.jpg","P1|P2|P3","W.R. Mulder|R. Havinga|P.J. Strijbosch"
"T00621","T00621.jpg","P2|P3|P1","Martje Derk Vegter|L. TER BEEK|Eltjo Harms Tiedens"
"T00622","T00622.jpg","P2|P1","Alberdina Takens|Jannes Marcus Cremer"
"T00623","T00623.jpg","P1|P2","Alberdina Takens|Jannes Marcus Cremer"
"T00624","T00624.jpg","P2|P1","Louise Emma Bucaille|Pieter Kornelis Boon"
"T00625","T00625.jpg","P1|P2","Meerten Kroese|Geesje Sluis"
"T00626","T00626.jpg","P2|P1","E. Broekema|Annegien Minkes"
"T00627","T00627.jpg","P2|P1","Frouwina G. Evers|Jakobus Bleeker"
"T00628","T00628.jpg","P2|P3|P1","C. Bödeker|W.G. Bödeker|Jakobus Bleeker"
"T00629","T00629.jpg","P1|P2","Hinderiekus Wilhelm Hensel|Hinderkien Bos"
"T00630","T00630.jpg","P2|P1","Fenna Hensel|Marcus de Haan"
"T00631","T00631.jpg","P2|P1","Henderika Drenth|Fokke J. Postema"
"T00632","T00632.jpg","P1|P2","Enno Bronsema|Eliza Meihuizen"
"T00633","T00633.jpg","P1|P2","Eliza Meihuizen|Enno Bronsema"
"T00634","T00634.jpg","P1","Caty Boef-de Vries"
"T00635","T00635.jpg","P2|P1","Harm Geerts Botje|Sara Derks van Lessen"
"T00636","T00636.jpg","P3|P2","E. Beukema-Hooites|J.J. Beukema"
"T00637","T00637.jpg","P1|P2","Jacomijna Meursing|Roelof Hooites"
"T00638","T00638.jpg","P1|P2","Jan Reinders|Anie Ukes"
"T00639","T00639.jpg","P2|P1","G. Romkes|Christiaan S. de Boer"
"T00640","T00640.jpg","P1","Ubbo Albertus van Oosten"
"T00641","T00641.jpg","P1|P2","Henderika Bronsema|H. Reinders"
"T00642","T00642.jpg","P2|P1","Juurtje Weender|Aalf Nijborg"
"T00643","T00643.jpg","P1","Meindert Kling"
"T00644","T00644.jpg","P2|P1","Trientje Grashuis|Harm Ridderbos"
"T00645","T00645.jpg","P1|P2","Pieter Wayer|S.K. Altink"
"T00646","T00646.jpg","P1|P3|P2","Berend Zonderman|Jantje Knollema|Hendrik Zonderman"
"T00647","T00647.jpg","P1|P2","Henderika Luitjes|Kornelis Borg"
"T00648","T00648.jpg","P2|P1","Dievertje J. Reinders|Samuel C. de Boer"
"T00649","T00649.jpg","P1|P2","Dievertje Reinders|Samuel C. de Boer"
"T00650","T00650.jpg","P2|P1","Albertje H. Schipper|Abraham C. Hazewinkel"
"T00651","T00651.jpg","P2|P1","Abraham C. Hazewinkel|Albertje H. Schipper"
"T00652","T00652.jpg","P1|P3|P2","Meint Veninga|Jan Sangers|Jan Huitzing"
"T00653","T00653.jpg","P1|P3|P2","Andries Blaak|Grietke Kleveringa|Pietertje Drent"
"T00654","T00654.jpg","P1|P2","Grietje Kleveringa|Andries Blaak"
"T00655","T00655.jpg","P1|P2","Jacobus Lahpor|Doetje Komdeur"
"T00656","T00656.jpg","P3|P1|P2","Jan|Jan Arends|Trijntje Boelens"
"T00657","T00657.jpg","P1|P4|P2|P3","G. Looijgenga|August Jacké|Johann Ludewig Jacké|Augusta Jacké"
"T00658","T00658.jpg","P1","H.G. KARSIES"
"T00659","T00659.jpg","P1|P2","Impke Wolters|Alye Jans Smidt"
"T00660","T00660.jpg","P2|P1","Tjitske Heslinga|Peiter Lautenbach"
"T00661","T00661.jpg","P1","Dieuwle Laagland"
"T00662","T00662.jpg","P2|P1","S. Faber|Arend J. Faber"
"T00663","T00663.jpg","P1","Sibella Mulder"
"T00664","T00664.jpg","P1","Bernard Julius Stockmann"
"T00665","T00665.jpg","P1|P2","Afke van der Veer|Simon Oudeboon"
"T00666","T00666.jpg","P1|P2","Trijntje D. de Jong|T.IJ. de Boer"
"T00667","T00667.jpg","P1|P2","Hendrik Jacobs Boersma|Trijntje Zelle"
"T00668","T00668.jpg","P1|P2","B. Hempenius|T. Hempenius-de Groot"
"T00669","T00669.jpg","P2|P1","Eeke de Jong|Hendrikje de Jong"
"T00670","T00670.jpg","P1|P2","Rinze van Wieren|Grietje Molenmaker"
"T00671","T00671.jpg","P2|P1","Fetje Elzinga|Cornelus A. de Vries"
"T00672","T00672.jpg","P1|P2","Trijntje W. Visser|Auke Sikma"
"T00673","T00673.jpg","P2|P1","Grietje Kramer|Tjerk Reitsma"
"T00674","T00674.jpg","P1","Fettje de Haan"
"T00675","T00675.jpg","P1|P2","Theo van Bergen|Boukje de Ree"
"T00676","T00676.jpg","P2|P1","Grietje Buwalda-van der Zwaag|Hendrik Buwalda"
"T00677","T00677.jpg","P2|P1","Wietze van der Werff|Sibbeltje van der Werff-Timmer"
"T00678","T00678.jpg","P2|P1","Berber Brouwer|Date Dijkstra"
"T00679","T00679.jpg","P1|P2","Geeske van der Meulen|Griet van der Meulen"
"T00680","T00680.jpg","P2|P1","Korneliske Hollander-Compaan|Eduard Hollander"
"T00681","T00681.jpg","P1|P3|P2","Grietje Kuiper|R. Kuiper|P. Rijpma"
"T00682","T00682.jpg","P1|P2|P3","Pier Plantinga|Trijntje Kingma|Evert Plantinga"
"T00683","T00683.jpg","P1|P2|P3","Tjitsche Alkema|Albert Kooistra|Dorte Kooistra"
"T00684","T00684.jpg","P2|P1","IJmkje van Stralen|Sjoerd de Wit"
"T00685","T00685.jpg","P1","John Zoetendal"
"T00686","T00686.jpg","P1|P2","Hendrik G. de Boer|Maaike IJntema"
"T00687","T00687.jpg","P1|P2","Willem Bosman|Jetsche Vrieswijk"
"T00688","T00688.jpg","P1","Aafke Vrieswijk-van der Eems"
"T00689","T00689.jpg","P3|P2|P1","Jezus|Taeke Taekes Popma|Clazina Vronica Hettinga"
"T00690","T00690.jpg","P1","Pieter B. Kingma"
"T00691","T00691.jpg","P1","Jogchum B. Kingma"
"T00692","T00692.jpg","P1|P2","Klaas Boersma|Grietje Andela"
"T00693","T00693.jpg","P2|P1","Mea Brattinga-Venema|Johannes Franciscus Brattinga"
"T00694","T00694.jpg","P2|P1","Wilhelmina Helena Daems-Visser|Corneel Jan Daems"
"T00695","T00695.jpg","P2|P1","H. Denen|Jan Betting"
"T00696","T00696.jpg","P2|P1","Jantje Ax|Jan Kuiper"
"T00697","T00697.jpg","P1|P2","Henderkien Denen|J. Betting"
"T00698","T00698.jpg","P2|P1","Jan Kuiper|Jantje Ax"
"T00699","T00699.jpg","P2|P1","Gerrit Wierts|Hillegien Koster"
"T00700","T00700.jpg","P1|P2","Hendrik Alberts|Geertien Boelen"
"T00701","T00701.jpg","P1","Hindrik Schutrups"
"T00702","T00702.jpg","P1|P2","Hendrik Klasens|Jantje Timmermans"
"T00703","T00703.jpg","P1","Aafke Luurs"
"T00704","T00704.jpg","P1","Wiardus Willem Ban Haersma Buma"
"T00705","T00705.jpg","P1|P2","Johannes Koopman|Carolina Harms"
"T00706","T00706.jpg","P1","Dirk Meppelink"
"T00707","T00707.jpg","P1|P2","Sijtse Romkes|A. Visser"
"T00708","T00708.jpg","P2|P1","Jantien Warring|Albert Zwols"
"T00709","T00709.jpg","P2|P1","Harmina Hofkamp|Jan Katuin"
"T00710","T00710.jpg","P1|P2","Jan Hekman|E. de Jonge"
"T00711","T00711.jpg","P2|P1","Johannes Reinders|Willemtje Katoen"
"T00712","T00712.jpg","P1","Alice Bos"
"T00713","T00713.jpg","",""
"T00714","T00714.jpg","P1|P2","Willem Wijnholds|Harmtje Harms"
"T00715","T00715.jpg","P1|P3|P2","Geertje de Lange|W. van Dijk|Jan Arends"
"T00716","T00716.jpg","P2|P1","Elisabeth Johanna van Otterloo|Rudolf Herman van Otterloo"
"T00717","T00717.jpg","P3|P1|P2","Suzanna de Witte|Daniel Jan van de Wege|E.C. van Doeselaar"
"T00718","T00718.jpg","P1|P2","Johannes Thedinga|Catharina C. Bakker"
"T00719","T00719.jpg","P1|P2","Catharina Frederika Herman de Groot|M. Luijendijk"
"T00720","T00720.jpg","P1|P2","Hendrik Slik|Margrietha Cornelia Zijlma"
"T00721","T00721.jpg","P1|P2","Jannes Joling|Roelfien Hardenberg"
"T00722","T00722.jpg","P1","Hendrik Hadders"
"T00723","T00723.jpg","P1","Geert Hendriks"
"T00724","T00724.jpg","P1|P2","Nessien Sants|J. Boesjes"
"T00725","T00725.jpg","P1|P2","Johannes Haasken|Margina W. Honning"
"T00726","T00726.jpg","P2|P1","Jan Lipman|Jantien Wilting"
"T00727","T00727.jpg","P3|P1|P2","Fennighe Huizing|Jantje Aikes|Klaas Aikes"
"T00728","T00728.jpg","P1|P2","Jan Lipman|Jantien Wilting"
"T00729","T00729.jpg","P1|P2","Hindrik Hindriks|K. Trip"
"T00730","T00730.jpg","P1","Jantina"
"T00731","T00731.jpg","P1|P2","Berend Hendriks|Hendrekien Hilbrands"
"T00732","T00732.jpg","P1","Gerrit Jan van Loo"
"T00733","T00733.jpg","P1|P2","Willemptje Wiggerink|Mannus Schering"
"T00734","T00734.jpg","P2|P3|P1","Grietien Huizing|Willemptje Wiggerink|Mannus Schering"
"T00735","T00735.jpg","P1","H.B. Diddens"
"T00736","T00736.jpg","P1|P2","Albertje Jan Mulder|R.A. Bos"
"T00737","T00737.jpg","P2|P1|P3","P.M. Smith|Elizabeth Smith|A.H. Geertsema"
"T00738","T00738.jpg","P1","Sijbrand Jans Nijhof"
"T00739","T00739.jpg","P1","Johannes Sijbrand Nijhof"
"T00740","T00740.jpg","P2|P1","Wessel Brons|Elizabeth Woltjer"
"T00741","T00741.jpg","P1|P2","Heiko Brons|Trijntje Smit"
"T00742","T00742.jpg","P4|P3|P2|P1","Wesselina Pieterdina|Wessel Pieter|Heiko Brons|Trijntje Smit"
"T00743","T00743.jpg","P2|P1","Jan Horrel|Geertje Mein"
"T00744","T00744.jpg","P1|P2","Jan Horrel|Geertje Mein"
"T00745","T00745.jpg","P2|P1","Aeilko Mulder|IJkje Twiest"
"T00746","T00746.jpg","P1|P2","Aeilko Mulder|IJkje Twiest"
"T00747","T00747.jpg","P2|P1","G. van der Wal|Harm Antema"
"T00748","T00748.jpg","P2|P1","Diepke Jakobs Folkers|Pieter Freerks Reitsema"
"T00749","T00749.jpg","P3|P2|P1","G. Wolthuis|K. Schoonbeek|Hindrik Jans Perdok"
"T00750","T00750.jpg","P1","Aldert Roelfs Bos"
"T00751","T00751.jpg","P2|P1","E.C. Bekenkamp|A.R. van Zanten"
"T00752","T00752.jpg","P2|P1","A.R. van Zanten|E.C. Bekenkamp"
"T00753","T00753.jpg","P1|P2|P3","Lambertus|J. Faber|J.R. Vos"
"T00754","T00754.jpg","P1|P2","Lambertus Jans Faber|H.L. van Dijken"
"T00755","T00755.jpg","P1|P2|P3","Klaas Jans|J.J. Haken|T.R. Remtema"
"T00756","T00756.jpg","P1|P3|P2","Trientje|G.W. Bouman|J.J. Haken"
"T00757","T00757.jpg","P2|P1","Bareld J. Buiskool|Martje D. Kuiper"
"T00758","T00758.jpg","P1|P2","Imke Aikes Brouwer|Derk Pieter Smith"
"T00759","T00759.jpg","P2|P1","Imke Aikes Brouwer|Derk Pieter Smith"
"T00760","T00760.jpg","P2|P1","G.P. Toxopeus|Grietje H. Steenhuis"
"T00761","T00761.jpg","P2|P1","E.H. Nap|P.K. Stikker"
"T00762","T00762.jpg","P2|P1","Trijntje Freerks Steenhuisen|Tjaart Remkes van Zanten"
"T00763","T00763.jpg","P1|P3|P2","Remko van Zanten|Trijntje Freerks Steenhuisen|Tjaart Remkes van Zanten"
"T00764","T00764.jpg","P2|P1","Mans Schirring|Hillegien"
"T00765","T00765.jpg","P1|P2|P3","Annegien Kroeze|R. Kroeze|G. Kroeze-Grootjans"
"T00766","T00766.jpg","P2|P1","Jan Houwing|Jantien Liefsting"
"T00767","T00767.jpg","P2|P1","Roelofje Pieters|Willem Joling"
"T00768","T00768.jpg","P2|P1|P3","Harm Joling|Willem Joling|J. Sikken"
"T00769","T00769.jpg","P1","Hindrik Joling"
"T00770","T00770.jpg","P1|P2|P3","Jan Sikken|Lammegien Joling|Jan Joling Sikken"
"T00771","T00771.jpg","P2|P1|P3","H. Vriend|Geertje Bos|Wolter Bos"
"T00772","T00772.jpg","P2|P1|P3","Hiske Waarsing|Hendrikje Braam|Hendrik Bos"
"T00773","T00773.jpg","P2|P1","Willem Joling|Hilligje Everts"
"T00774","T00774.jpg","P3|P2|P1","Warmelina|Hilligje Everts|Willem Joling"
"T00775","T00775.jpg","P1","Marcus Joling"
"T00776","T00776.jpg","P1|P2|P3","Wemeltje|H. Huizing|A. Horring"
"T00777","T00777.jpg","P1|P2","Hindrik Garming|Jantien Dijks"
"T00778","T00778.jpg","P1","Roelof Ensing"
"T00779","T00779.jpg","P2|P1","Geert Oevermans|Trientje Blide"
"T00780","T00780.jpg","P1|P2","Geert Oevermans|Trientje Blide"
"T00781","T00781.jpg","P1|P2","Lammechien Strating|Heije Christiaans"
"T00782","T00782.jpg","P2|P1","Lammechien Strating|Heije Christiaans"
"T00783","T00783.jpg","P3|P2|P1|P4","Heije Christiaans|Luchien Christiaans|Harm Christiaans|Lammechien Strating"
"T00784","T00784.jpg","P1","Hendrik Everts"
"T00785","T00785.jpg","P1|P2","Jans Koers|Grietien Everts"
"T00786","T00786.jpg","P1|P2|P3","Hinderikus Koers|Jans Koers|Grietien Everts"
"T00787","T00787.jpg","P1","Wolter Garming"
"T00788","T00788.jpg","P2|P1","Hendrikje Huizing|Hendrik Nijhof"
"T00789","T00789.jpg","P2|P1","Rolina Weuring|Willem Frieling"
"T00790","T00790.jpg","P1|P3|P2","Eppéa Hillegonda Steenhuis|Anje Kuipers|Eppe Steenhuis"
"T00791","T00791.jpg","P1|P2|P3","Hendrikje Bolt|J. Bolt|A. Bolt-Doornbos"
"T00792","T00792.jpg","P1","Roelfke Hoving"
"T00793","T00793.jpg","P1|P2","Hommo Huisman|F. Doornbos"
"T00794","T00794.jpg","P3|P1|P2","A. Oosterhuis|Trientje Kalkwiek|E. Kalkwiek"
"T00795","T00795.jpg","P1|P2","Harm Wienke|Bertha Wienke-de Blécourt"
"T00796","T00796.jpg","P1","Dick Rozema"
"T00797","T00797.jpg","P1","Jacobus Hubertes Teeuwen"
"T00798","T00798.jpg","P1|P2","Nanning Kamphuis|T. Maat"
"T00799","T00799.jpg","P2|P1","P.H. Wierenga|A.K. Dijkema"
"T00800","T00800.jpg","P3|P2|P1","Jacobje Laninga|J.E. Koopman|Reinder Harm Weringa"
"T00801","T00801.jpg","P1","Joseph Maria Martinus Hermans"
"T00802","T00802.jpg","P2|P1","Hilje Veenstra|IJpe Boersma"
"T00803","T00803.jpg","P1|P2","Jacobje Lanenga|R.H. Weringa"
"T00804","T00804.jpg","P2|P1","Berendje de Witt|Rieno Moedt"
"T00805","T00805.jpg","P1|P2","Etje Derks Boer|J.P. Vink"
"T00806","T00806.jpg","P1","Jacob Vink"
"T00807","T00807.jpg","P1","Maria Huese-van Elk"
"T00808","T00808.jpg","P1|P2","Jan Oosterhuis|Geertruida Omta"
"T00809","T00809.jpg","P2|P1","Etje Derks Boer|Jan Pieters Vink"
"T00810","T00810.jpg","P1|P2","Anje Derks Boer|J.H. Bolman"
"T00811","T00811.jpg","P1","Abraham J. Gold"
"T00812","T00812.jpg","P1","Melvin Hugh Welker"
"T00813","T00813.jpg","P1|P2","Wobbe de Vries|Frouwktje Kornelia Opten"
"T00814","T00814.jpg","P1","Derk Fredik Rasker"
"T00815","T00815.jpg","P1","Uilke Keizer"
"T00816","T00816.jpg","P1","Tilly Buininck"
"T00817","T00817.jpg","P1|P2|P3","Henkie|H. Dekker|H. Dekker-Stoppels"
"T00818","T00818.jpg","P1|P2","Johannes Ramaker|M.E. Jansen"
"T00819","T00819.jpg","P3|P1|P4|P2","T. Drexhage|Hiektje Huizinga|S. Oosterhuis|Pieter Dijkhuis"
"T00820","T00820.jpg","P1","Altje Mulder"
"T00821","T00821.jpg","P1|P2","Gerrit J. Boekhoven|G. Nieveen"
"T00822","T00822.jpg","F","FOKKEMA"
"T00823","T00823.jpg","P2|P1","Grietje Hommes|Heinrich Krohne"
"T00824","T00824.jpg","P2|P1","C.B. Schipper|Herman Israel van Gelder"
"T00825","T00825.jpg","P1","Hindrik Lommert"
"T00826","T00826.jpg","P1|P2","Cornelis Klei|Johanna Giliams"
"T00827","T00827.jpg","P1|P2","Geert Dassel|Antina Ter Horst"
"T00828","T00828.jpg","P1|P2","Fredrik Rasker|Leentje Dost"
"T00829","T00829.jpg","P2|P1","Jan Sneijer|Catharina Gazendam"
"T00830","T00830.jpg","P2|P1","Emile Boulan|Louise Maria Elisabeth Boulan-van Wijngaerdi"
"T00831","T00831.jpg","P2|P1","Rudolf Smit|Hendrikje Kok"
"T00832","T00832.jpg","P1|P2|P3","Geziena Alberta Mol|A. Mol|J.K. Scholte"
"T00833","T00833.jpg","P2|P1","Fenna Lanting|Albert Dobben"
"T00834","T00834.jpg","P1|P3|P2","Lubbert Sikken|F. Egberts|JOH. Sikken"
"T00835","T00835.jpg","P3|P2|P1","Geerhart Sieders|Tienna IJdens|Geert Sieders"
"T00836","T00836.jpg","P1|P2","Rika Sikken|A. Langius"
"T00837","T00837.jpg","P2|P1","H.J. Masselink|Jacoba Hidding"
"T00838","T00838.jpg","P2|P1","R. Wiggers|Hendrik Schutrups"
"T00839","T00839.jpg","P1|P2","K. Anninga|F. Habing"
"T00840","T00840.jpg","P1|P2","Pieter Adrianus Kroon|Antje Ree"
"T00841","T00841.jpg","P2|P1","Gooswinus Gerardus Akersloot|Betzy Akersloot-Berg"
"T00842","T00842.jpg","P1","Sientje de Boer"
"T00843","T00843.jpg","P1","Heertje Bloem"
"T00844","T00844.jpg","P1","Hiltje Wels"
"T00845","T00845.jpg","P1|P4|P3|P2","Cornelis de Lange|Frouwtje|Trijntje|Engeltje Peesch"
"T00846","T00846.jpg","P2|P1","Maaike Bakker|Willem Sieben"
"T00847","T00847.jpg","P1","Rijk Krijtenburg"
"T00848","T00848.jpg","P1|P2","Bregje Bakker|Gerrit Krijtenburg"
"T00849","T00849.jpg","P3|P2|P1","Focke Stapert|Focke Stapert|Focke Stapert"
"T00850","T00850.jpg","P3|P2|P1","Pieter Kooijman|Mina|Martje Boer"
"T00851","T00851.jpg","P2|P1","Roelofje Huijing|Albert Wilting"
"T00852","T00852.jpg","P1","Gerdina Kamps"
"T00853","T00853.jpg","P2|P1","Thijs Dijks|Roelfien Oldenbeuving"
"T00854","T00854.jpg","P2|P1","Roelfien Oldenbeuving|Thijs Dijks"
"T00855","T00855.jpg","P1","Willem Kamps"
"T00856","T00856.jpg","P1","Aaltien Kamps"
"T00857","T00857.jpg","P2|P1","G. Zwiers|K. Hadders"
"T00858","T00858.jpg","P1|P2","Roelof Evenhuis|Geessien Vrieling"
"T00859","T00859.jpg","P2|P1","J. Dening|Hendrikje Wiggers"
"T00860","T00860.jpg","P1","Hendrikje Kamping"
"T00861","T00861.jpg","P2|P1","Janna Gort|JAC. Louwes"
"T00862","T00862.jpg","P1|P2","Willem Bonnen|Everdina Bos"
"T00863","T00863.jpg","P1|P2","Wienand Eising|J. V.D. Velde"
"T00864","T00864.jpg","P1|P2","Fennegien Woppenkamp|JOH. Visscher"
"T00865","T00865.jpg","P2|P1","K. Koens-Bezema|Jakop Koens"
"T00866","T00866.jpg","P2|P1","R. Sieben|Trijntje Koens"
"T00867","T00867.jpg","P1|P2","Bernardus Smulders|H. Koens"
"T00868","T00868.jpg","P2|P1","Annigje Zomer|Adam van Hasselt"
"T00869","T00869.jpg","P1|P2","Hendrik V.D. Veen|Hendrikje Mensing"
"T00870","T00870.jpg","P2|P1","Alida Evenhuis|Herman Rosing"
"T00871","T00871.jpg","P2|P1","J.S. Wilting|Jantien Brinks"
"T00872","T00872.jpg","P1|P2","Jan Dik|Metje Goeree"
"T00873","T00873.jpg","P1","A. Postuma"
"T00874","T00874.jpg","P1","G. Postuma-de Vries"
"T00875","T00875.jpg","P1|P2","Janna|G. ten Voorde"
"T00876","T00876.jpg","P2|P1","P. Lok|Jantje Visser"
"T00877","T00877.jpg","P1","Frederik Toxopëus"
"T00878","T00878.jpg","P1|P2","Jantina Freriks|J. Bos"
"T00879","T00879.jpg","P1|P2","Hendrik Koops|Anna Buning"
"T00880","T00880.jpg","P1","Albert Koens"
"T00881","T00881.jpg","P2|P1","Roelofje Kortwijk|Jacob Sieben"
"T00882","T00882.jpg","P2|P1","G. Gommers|E.W.C. de Vries"
"T00883","T00883.jpg","P2|P1","H. van der Veen|Hendrikje Mensing"
"T00884","T00884.jpg","P2|P1","P. ten Voorde-Kort|Gerrit ten Voorde"
"T00885","T00885.jpg","P1|P2","Fenna Witting|Z. Koelman"
"T00886","T00886.jpg","P2|P1","Roelof de Haan|Geertje de Haan-Emming"
"T00887","T00887.jpg","P1","Hilbert Loomulder"
"T00888","T00888.jpg","P2|P3|P4|P1","S.C. Siman|P.J. Meijer|Robert Meijer|Roberta Margaretha Woltjer"
"T00889","T00889.jpg","P1|P2","Geert Busscher Sissingh|Diewertje Frederika Corstius"
"T00890","T00890.jpg","P1","Elizabeth Dykstra Bousema"
"T00891","T00891.jpg","P2|P1","F. Sissingh-Bennema|H.J. Sissingh"
"T00892","T00892.jpg","P1","Jan M. ten Hoor"
"T00893","T00893.jpg","P2|P1","Jan M. ten Hoor|Hinderkien Willems"
"T00894","T00894.jpg","P2|P1","Martha Leuringh|Jakob Meles Melessen"
"T00895","T00895.jpg","P2|P1","M.D. Pol|Henderika Jakobs Melessen"
"T00896","T00896.jpg","P1|P2","Sara Doedes Pol|Johannes Henricus Leuringh"
"T00897","T00897.jpg","P1|P2","Menze Pebes Bandringa|Akke de Groot"
"T00898","T00898.jpg","P2|P1","A. Bentum|Sijtze van der Leest"
"T00899","T00899.jpg","P2|P1","Hendrik Heukers|Jantje Jans Cazemier"
"T00900","T00900.jpg","P1|P2","Reinder Cluving Hoenderken|A. de Jong"
"T00901","T00901.jpg","P3|P2|P1","P. Steenbergen|Roelfien|Liefke Meek"
"T00902","T00902.jpg","P1|P2","Grietje Willemina Hoenderken|Reinder Cluiving Hoenderken"
"T00903","T00903.jpg","P2|P1","Aaltje G. Oosterhuis|Jan Piers Berguis"
"T00904","T00904.jpg","P1","Jan Meek"
"T00905","T00905.jpg","P1|P2","Leffert Bethlehem|Titia van der Boom"
"T00906","T00906.jpg","P2|P1","A. Talens|J.J. ten Hoor"
"T00907","T00907.jpg","P2|P1","Jantje Denkema|Rindert van der Molen"
"T00908","T00908.jpg","P2|P1","Hendrik J. Ooisterhuis|Jantje H. Meelker"
"T00909","T00909.jpg","P2|P1","Antje Hazenberg|Jannes Kornelis Oosterhuis"
"T00910","T00910.jpg","P2|P1","Grietje Vos|Kornelis Waterboek"
"T00911","T00911.jpg","P1|P2","Martha Melessen|Renke Donkerbroek"
"T00912","T00912.jpg","P1|P2","Hiltje van der Veen|Reinder Heijs"
"T00913","T00913.jpg","P1|P2","Willem Cazemier|Diena Posthumus"
"T00914","T00914.jpg","P1|P2","Froukje van der Donk|Sikke Jan Cazemier"
"T00915","T00915.jpg","P1","Willem Lieffering"
"T00916","T00916.jpg","P1|P2","Hendrikje Koning|Jannes Snip"
"T00917","T00917.jpg","P1|P2","Berentje Aardema|Jan Scheringa"
"T00918","T00918.jpg","P1|P2","Lukas Meelker|Albertje Bos"
"T00919","T00919.jpg","P2|P1","Geeske Holmersma|Geert Holmersma"
"T00920","T00920.jpg","P2|P1","Gerard Jan Smeenk|Willem Dirk Nicolaas Smeenk"
"T00921","T00921.jpg","P3|P2|P1","Anke Alberts|Roelf Wierenga|Margaretha"
"T00922","T00922.jpg","P2|P1","Tonnis Oosterhuis|Aaltien Hulshof"
"T00923","T00923.jpg","P2|P1","Aaltien Hulshof|Tonnis Oosterhuis"
"T00924","T00924.jpg","P1|P2|P3","Aaltien de Boer|J. de Boer|J. Oosterhuis"
"T00925","T00925.jpg","P1","Alexander Arend Zwijgers"
"T00926","T00926.jpg","P1","Geert Meek"
"T00927","T00927.jpg","P1","Jan Wierenga"
"T00928","T00928.jpg","P1","Johannes Henricus Leuringh"
"T00929","T00929.jpg","P1","Jan Naarding"
"T00930","T00930.jpg","P1","Roelf Kuiper"
"T00931","T00931.jpg","P1|P2","Nicolaas Visser|Hinderkien Dijkema"
"T00932","T00932.jpg","P1|P2","Christian Niemand|Jantje Alkema"
"T00933","T00933.jpg","P1","Emmie Antonides"
"T00934","T00934.jpg","P3|P2|P1","Geesje Snip-Leeuwe|Sjacobus Snip|Catie Snip"
"T00935","T00935.jpg","P1","Martje Brouwer"
"T00936","T00936.jpg","P2|P3|P1","Geertje Dijksterhuis-Bos|Wiebrand Dijksterhuis|Lambertha C. Bos"
"T00937","T00937.jpg","P4|P2|P1","H. Ruiter Wildeboer|H.J. Ruiter|Margaretha Cornelia Schaaf"
"T00938","T00938.jpg","P4|P1|P3","Hinderikus Blikslager|Johanna Ellechina Blikslager|Gezina Johanna van Dijken"
"T00939","T00939.jpg","P2|P1","Auktje Raukena|Jan Knoop"
"T00940","T00940.jpg","P1|P2","H.R. van Mark|H. Oosterveld"
"T00941","T00941.jpg","P4|P3|P1|P2","M. Fekkers|B. Hindriks|Geert Fekko|Geert Fekko"
"T00942","T00942.jpg","P2|P1","Berend Jager|Geertruida Christina Dieterman"
"T00943","T00943.jpg","P3|P2|P1","S. Nomden-Vos|H.G. Nomden|Albert Harm"
"T00944","T00944.jpg","P2|P1","Tjarwe Roelfs|Hendrik A. Wolters"
"T00945","T00945.jpg","P2|P1","Freerk Niezen|Roelfien Wolters"
"T00946","T00946.jpg","P3|P1|P2","M.D. Hiskes|Feiko Pieters van Heuvelen|A. van Heuvelen"
"T00947","T00947.jpg","P2|P1","Feiko Pieters van Heuvelen|Jantje Hiddes Werda"
"T00948","T00948.jpg","P2|P1","Jan H. Dijkhuis|Martje Brink"
"T00949","T00949.jpg","P2|P1","Adriana Maria Hinsbeek|Gerhard van Bern"
"T00950","T00950.jpg","P1|P3|P2","Tieme Hemmes|E. Borgman|H. Hemmes"
"T00951","T00951.jpg","P1","Koene Vegter"
"T00952","T00952.jpg","P1","Emmie Margot van der Valk"
"T00953","T00953.jpg","P1|P3|P2","Reina Jantina|M. Hommes|J. de Lange"
"T00954","T00954.jpg","P1","Roelof Hendrik Vos"
"T00955","T00955.jpg","P1|P2","Jan Houwing|Berendina Koers"
"T00956","T00956.jpg","P1|P2","Berendina Koers|Jan Houwing"
"T00957","T00957.jpg","P1|P2","Jans Lutgers|Lammechien Houwing"
"T00958","T00958.jpg","P2|P1","Jans Lutgers|Lammechien Houwing"
"T00959","T00959.jpg","P2|P1","Hendrik Kloots|Jantien Hamminga"
"T00960","T00960.jpg","P2|P1","Roelfien Tinge|Derk Eisses"
"T00961","T00961.jpg","P1|P2","Roelfien Tinge|Derk Eisses"
"T00962","T00962.jpg","P2|P3|P1","Hillechien Plenter|Trientje Land|Albert de Jonge"
"T00963","T00963.jpg","P1","Willemiene Henriette Jansen"
"T00964","T00964.jpg","P2|P1","J. Vos|Trijnje Bos"
"T00965","T00965.jpg","P1|P2|P3","Aleida Hidding|J. Hidding|A. Hidding-Ballast"
"T00966","T00966.jpg","P2|P1","H. Hekman|Grietje Sluurman"
"T00967","T00967.jpg","P1","Hendrik Hekman"
"T00968","T00968.jpg","P2|P1","Trijne Bos|Jacob Vos"
"T00969","T00969.jpg","P1|P2","Otto Kloots|Jantien Hoving"
"T00970","T00970.jpg","P1|P3|P2","Harmannus C.P. Venema|E. Kolstein|L. Elema"
"T00971","T00971.jpg","P2|P1","H. Hemmes|Egbertien Borgman"
"T00972","T00972.jpg","P4|P3|P2|P5|P1","Gerardus Vos|Arend Aasman|Catriena Vos|Aaltien Koers|Arend Aasman"
"T00973","T00973.jpg","P2|P1","Betje Schuiling|Jan Flierman"
"T00974","T00974.jpg","P3|P2|P1","Annechien Kneubel|Tietje Leenders|Melle Geert Vroom"
"T00975","T00975.jpg","P2|P1","Melle G. Vroom|Tietje Leenders"
"T00976","T00976.jpg","P2|P1","Grietje Mandema|Geert Cornelis Vroom"
"T00977","T00977.jpg","P3|P1|P4|P2","Roelf Mulder|Jantje Mulder|Jantje Mulder-Gortmaker|Lucas Mulder"
"T00978","T00978.jpg","P2|P1","Jantien van Dalen|Lucas Mulder"
"T00979","T00979.jpg","P1|P2","Jantien Kloots|Harmannus Havinga"
"T00980","T00980.jpg","P2|P1","Jantien Hamming|Hendrik Kloots"
"T00981","T00981.jpg","P1","Egbertus Bernham Elderhost"
"T00982","T00982.jpg","P1","Els Buss-Bron"
"T00983","T00983.jpg","P2|P1","Joop Hoek|Lydia Hoek-Wlasowa"
"T00984","T00984.jpg","P2|P1","Wilhelmina Berendina Groeneveld|Johannes Siegfried Kraus"
"T00985","T00985.jpg","P2|P1","Johannes Siegfried Kraus|Wilhelmina Berendina Groeneveld"
"T00986","T00986.jpg","P1|P4|P3|P2","Geertruida Johanna van Engen|Harm Pieter Makken|Gerardiena Koetsier|G. Koetsier"
"T00987","T00987.jpg","P1|P3|P2","Jantje Suichies|K. van Bergen|R. Suichies"
"T00988","T00988.jpg","P1|P2","Johanna Willemina Zwaan|T.S. Dijkhuis"
"T00989","T00989.jpg","P2|P1|P3","Luitje H. Bruininga|Geezien J. Nieboer|Bette J. Oosterhof"
"T00990","T00990.jpg","P2|P1","H.G. Boer|Trientje Kornelis Nieboer"
"T00991","T00991.jpg","P2|P1","Filippus Moerker|Martje Schuurke"
"T00992","T00992.jpg","P1|P2","Egbert Koning|Mina Smitman"
"T00993","T00993.jpg","P2|P1","Epke Mulder|Engel Vegt"
"T00994","T00994.jpg","P2|P1","Hendrik Klaassens|Harmke Reit"
"T00995","T00995.jpg","P2|P1","Jantje de Vries|Nanno Jacob Boneschansker"
"T00996","T00996.jpg","P2|P1","H. Hummel|Berend Angerman"
"T00997","T00997.jpg","P1|P2","Heike Geerts Wierenga|Imke Jans Niehof"
"T00998","T00998.jpg","P2|P1","Jan H. Bruininga|Dettje H. Boer"
"T00999","T00999.jpg","P1|P2","Fenna Hommes|Lubbertus Mulder"
"T01000","T01000.jpg","P1|P2|P3","Trientje H. Boer|H.H. Boer|A. de Vries"
"T01001","T01001.jpg","P1|P2","Anje Eisses Bolhuis|Jan Geerts Nienhuis"
"T01002","T01002.jpg","P2|P1","Anje Eisses Bolhuis|Jan Geerts Nienhuis"
"T01003","T01003.jpg","P2|P1","Antke Klaassens|Frederik Schutter"
"T01004","T01004.jpg","P1|P3|P2","Stientje Wanmaker|F. Heikens|J. Wanmaker"
"T01005","T01005.jpg","P1|P2|P3","Geessien|A.S. Vonk|A. Meijer"
"T01006","T01006.jpg","P1|P2","Trientje Jans Kort|Hinderk Tjapkes de Boer"
"T01007","T01007.jpg","P1|P2|P3","Pieter Andries Hekstra|S. Hekstra|A. Hekstra-Bakker"
"T01008","T01008.jpg","P1|P2","Thijs Sjabbes Dijkhuis|J.J. Zwaan"
"T01009","T01009.jpg","P1|P3|P2","Geke Veldman|Lutgerdina Bakker|H.R. Bakker"
"T01010","T01010.jpg","P1","Marja Rozemond"
"T01011","T01011.jpg","P1|P2","Klaas Klooster|Hindererika A. Smit"
"T01012","T01012.jpg","P1|P2","Jannes de Boer|Margaretha Leutscher"
"T01013","T01013.jpg","P2|P1","Trientje Jans Kort|Hinderk Tjapkes de Boer"
"T01014","T01014.jpg","P1|P2","Imke Jans Niehof|Heike Geerts Wierenga"
"T01015","T01015.jpg","P3|P1|P2","J. Smit|Grietje Wubbina|A. Meijer"
"T01016","T01016.jpg","P2|P1","Reinder A. Geertsema|Giesel J. Elsinga"
"T01017","T01017.jpg","P1|P5|P4|P2|P3","Jan Kornelis Muller|Cornelia Jans Muller|Ettien Muller|Ludewé Hindriks|Wiepke Muller"
"T01018","T01018.jpg","P2|P3|P1","Harm Enjes Kuiper|Eja Tonkens van Delden|Geert Harms Kuiper"
"T01019","T01019.jpg","P1|P2","Geert Jan Drent|Johanna Klooster"
"T01020","T01020.jpg","P1","Jantienes Gerding"
"T01021","T01021.jpg","P1|P3|P2","Grietje Middel|J. van Soest|George Geugien Uyterwijk"
"T01022","T01022.jpg","P1","Max Gosschalk"
"T01023","T01023.jpg","P2|P1","S.T. Dijkhuis|Martje Jans Bruinenga"
"T01024","T01024.jpg","P1","Harmiena Meijer"
"T01025","T01025.jpg","P1|P2","Josina Harmina Smit|W. MEIJER"
"T01026","T01026.jpg","P1","Freerk Jans Hofman"
"T01027","T01027.jpg","P2|P3|P1","P. Dam|W. MEIJER|Martje Principaal"
"T01028","T01028.jpg","P5|P1|P3|P2|P4","Anje|Jan T. Medema|Ekke|M.J. de Vries|Siemen"
"T01029","T01029.jpg","P1|P3|P2","Hindriktje Tewes van Huizen|W. MEIJER|N.E. Wolthuis"
"T01030","T01030.jpg","P2|P3|P1","Eije J. Beukema|BEUKEMA|Suffrida Siberdina Slijper"
"T01031","T01031.jpg","P1|P2","Albert Bosscher|Antje Kremer"
"T01032","T01032.jpg","P1","Klaas J. Wierenga"
"T01033","T01033.jpg","P2|P1","Trientje Scheeringa|Gerrit Feringa"
"T01034","T01034.jpg","P2|P1","P. Vledder|Gertruud Dam"
"T01035","T01035.jpg","P1","Klaas Vledder"
"T01036","T01036.jpg","P1","Jantje Vos"
"T01037","T01037.jpg","P1","Jan Jonkman"
"T01038","T01038.jpg","P1","Grietje de Boer"
"T01039","T01039.jpg","P1","Ferdinand Johannes van Dijken"
"T01040","T01040.jpg","P2|P1","Trijntje Niewold|Luitjen van der Schans"
"T01041","T01041.jpg","P2|P1","J.P. Veenstra|Gerben Epeüs Vlieg"
"T01042","T01042.jpg","P2|P1","Edzo van der Veen|Geeske Helmantel"
"T01043","T01043.jpg","P2|P3|P1","W. Bultema|B. Dijkinga|Jelte Geert Haaksema"
"T01044","T01044.jpg","P1","Eilke Sikkes-Folkerts"
"T01045","T01045.jpg","P1","Jan Jobing"
"T01046","T01046.jpg","P4|P1|P3|P2","Martje Nijhof|Trientje de Haan|W. Nijhof|S. Huizinga"
"T01047","T01047.jpg","P1|P2","Henrdrik Nabring|Henderika Roffel"
"T01048","T01048.jpg","P1|P2","Bontje van der Vliet|Sijbe de Jong"
"T01049","T01049.jpg","P3|P1|P2","H. Venema-Bosma|Pietje Venema|T. Venema"
"T01050","T01050.jpg","P1","Renje Bosscher"
"T01051","T01051.jpg","P2|P1","Roelf Loots|Alida Lasthuis"
"T01052","T01052.jpg","P1","Wubbertus Kröeger"
"T01053","T01053.jpg","P2|P3|P1","Klaas Lukas|Gezina Bultjes|Brechtje Lukas"
"T01054","T01054.jpg","P2|P1","Trijntje Vos|Pieter Rozema"
"T01055","T01055.jpg","P1|P2","Aaltje Borgman|Menno Jansen"
"T01056","T01056.jpg","P2|P1","Feikjedina Hoekstra|Jochum Tent"
"T01057","T01057.jpg","P3|P1|P2","P. Hiemstra|Kornelis de Vries|W. Dussel"
"T01058","T01058.jpg","P2|P1","K. de Vries|Pietje Hiemstra"
"T01059","T01059.jpg","P2|P3|P1","J. Bulthuis|J. Wolters|Elzo van Kampen"
"T01060","T01060.jpg","P1|P2","J.J. Dijkhuis|J. Dijkhuis"
"T01061","T01061.jpg","P1|P2","Hendrik W. Nijhof|Baukje W. Veenstra"
"T01062","T01062.jpg","P2|P1","Dirk J. Heidinga|Wijke H. Haarsma"
"T01063","T01063.jpg","P2|P1","Trientje Jagersma|Anne Pijpker"
"T01064","T01064.jpg","P1|P2","Wolter Postma|Jitske van der Wal"
"T01065","T01065.jpg","P2|P1","Jantje Renkema|Lubbe de Braak"
"T01066","T01066.jpg","P1|P2","W. Nipperus|E. Jansen"
"T01067","T01067.jpg","P1|P2","Baukje W. Veenstra|Hendrik W. Nijhof"
"T01068","T01068.jpg","P1","Metje D. van Veen"
"T01069","T01069.jpg","P2|P1","Hendrikje Bosma|Taeke Venema"
"T01070","T01070.jpg","P2|P4|P3|P1","Anna Hoeksema-Dallinga|Paul E. Hoeksema|Dirk Popko Hoeksema|Tammo Hoeksema"
"T01071","T01071.jpg","P2|P1","F.T. Sap|B. Sanders"
"T01072","T01072.jpg","P1","Hennie Alberts"
"T01073","T01073.jpg","P2|P1","Hinderkien Vegter|Harmannus Oorburg"
"T01074","T01074.jpg","P1|P2","Pieter de Wit|Cornelia Elema"
"T01075","T01075.jpg","P1|P2","Alex Freerk Schreuder|Janny Schreuder-de Jong"
"T01076","T01076.jpg","P4|P3|P2|P1","Zwaantje|A. Balkema|J.E. Westing|Elizabeth"
"T01077","T01077.jpg","P1","Albert Jans Westing"
"T01078","T01078.jpg","P2|P1","Maria Bos|Melle Engels"
"T01079","T01079.jpg","P1","Klaas K. Hofstee"
"T01080","T01080.jpg","P1","Andre G. de Wilde"
"T01081","T01081.jpg","P2|P1","Pieter Wierenga|Jantje Brul"
"T01082","T01082.jpg","P2|P1","Jantje Brul|Pieter Wierenga"
"T01083","T01083.jpg","P1","Johan"
"T01084","T01084.jpg","P2|P1|P3","Evert Kleve|Egbert Roelf Kleve|Lucretia Middel"
"T01085","T01085.jpg","P2|P1","S.D. van Dijk|Jakob Gerrits Schutter"
"T01086","T01086.jpg","P2|P1|P3","T.H. Dolfijn|Klaas|H.H. Wigboldus"
"T01087","T01087.jpg","P1|P2","Aafje Elisabeth Warner|Jan de Vries"
"T01088","T01088.jpg","P1","Jan Albert Barkman"
"T01089","T01089.jpg","P1","C.J.M. Verhoef-Valk"
"T01090","T01090.jpg","P1|P2","Jitske Haveman|Lammert Knot"
"T01091","T01091.jpg","P2|P1","Jan Stokje|Jantje Stokje-Neef"
"T01092","T01092.jpg","P1","Dinalda Catharina Bosch"
"T01093","T01093.jpg","P1","Hesso Versteegh"
"T01094","T01094.jpg","P2|P1","Geert de Wilde|Eliezabeth Bos"
"T01095","T01095.jpg","P3|P1|P2","E. Broekema|Talje Sternberg|J. Folkersma"
"T01096","T01096.jpg","P1","J.H. Brondijk"
"T01097","T01097.jpg","P3|P2|P1","A.H. Schepel|A.B. Klimp|Berent A. Klimp"
"T01098","T01098.jpg","P1|P2","J.G.K. In't Holt|Elizabeth Striedtman"
"T01099","T01099.jpg","P2|P1|P3","E.H. Verwer|Derk T. Kuiper|Jakob D. Kuiper"
"T01100","T01100.jpg","P1","Dirk van Krieken"
"T01101","T01101.jpg","P1","Hendrika Kerstens-Gerritsen"
"T01102","T01102.jpg","P1","Hendrikes FR. Mulders"
"T01103","T01103.jpg","P1","Fré Legger"
"T01104","T01104.jpg","P1|P2","Sies Brandsma|Grietje Alingh Brandsma-Zwart"
"T01105","T01105.jpg","P3|P1|P4|P2","Fokke|Anna Wielenga|Pietje|S. Veenstra"
"T01106","T01106.jpg","P2|P1","K. Helmholt|Bontje Veenman"
"T01107","T01107.jpg","P1|P2","Jansje Bakker|G. Barf"
"T01108","T01108.jpg","P2|P1","Sierk Kooister|Aaltje de Poel"
"T01109","T01109.jpg","P1","Anna M.B. Platvoet"
"T01110","T01110.jpg","P1|P2","Numa Edouard Fatton|D.J. Fatton-van Amerongen"
"T01111","T01111.jpg","P1","Jantje A. Niehoff"
"T01112","T01112.jpg","P1|P2","Hendrikje Lenting|Garmt Hamminga"
"T01113","T01113.jpg","P1|P2","Hilje Wolters|H. Keizer"
"T01114","T01114.jpg","P2|P1","A. Ubbens|Jan Vrugt"
"T01115","T01115.jpg","P1|P2","Aafke Ubbens|J. Vrugt"
"T01116","T01116.jpg","P2|P1","Jantje Harms Veltman|Jan Ernst Henderiks Meijer"
"T01117","T01117.jpg","P2|P1","H. van Velzen|Martje Kuiper"
"T01118","T01118.jpg","P1|P2","Johanna Edeler|G. Doringa"
"T01119","T01119.jpg","P1","Louwrens Louwe Wouda"
"T01120","T01120.jpg","P1|P2","Frederika J. Smith|Roelf J. Hiddingh"
"T01121","T01121.jpg","P1","H. Heukers"
"T01122","T01122.jpg","P2|P1","Derk Pieters Wierenga|Trientje Hendriks Dijkstra"
"T01123","T01123.jpg","P2|P1","Trientje Hindriks Dijkstra|Derk Pieters Wierenga"
"T01124","T01124.jpg","P1","Hindrik Lap"
"T01125","T01125.jpg","P1","Gerrit van 't Riet"
"T01126","T01126.jpg","P2|P1|P3","W. Bultena|Jelte Geert Haaksema|B. Dijkinga"
"T01127","T01127.jpg","P2|P1","Lutgerdina W. Hofstede|Eeuwke Jans van der Molen"
"T01128","T01128.jpg","P1|P2","Lutgerdina W. Hofstede|E.J. van der Molen"
"T01129","T01129.jpg","P1|P2","Hinderktje Harms Wigboldus|T.H. Dolfijn"
"T01130","T01130.jpg","P2|P3|P1","B. Wassenaar|T. Fokkens|Liena Wassenaar"
"T01131","T01131.jpg","P2|P1","Trijntje van der Woude|Cent Haak"
"T01132","T01132.jpg","P1","Martha Vroom Groenewold"
"T01133","T01133.jpg","P2|P1","Berend de Jonge|Gerritdina Vreeburg"
"T01134","T01134.jpg","P2|P1","J. Roffel|T. Nieuwold"
"T01135","T01135.jpg","P1|P2","Egberdina Egbers Zijlstra|Jannes Hendriks Kremer"
"T01136","T01136.jpg","P1","Geertruida Bansema"
"T01137","T01137.jpg","P2|P1","M.H. Bansema|Harm F. Monkhorst"
"T01138","T01138.jpg","P3|P2|P1","J.H. Dijkstra|H.H. Gaaikema|Heertje Gaaikema"
"T01139","T01139.jpg","P1","Geertruida Monkhorst"
